ID_PESQUISA;DATA_PESQUISA;MUNIC�PIO;ESTADO;INTEN��O DE VOTO
P2;11/09/2022;Macap�;AP;B
P2;11/09/2022;Bras�lia;DF;B
P2;11/09/2022;Mucaja�;RR;B
P2;11/09/2022;Aurora do Par�;PA;A
P2;11/09/2022;Alto Alegre;RR;B
P2;11/09/2022;Forquilha;CE;A
P2;11/09/2022;Parnarama;MA;A
P2;11/09/2022;Limoeiro de Anadia;AL;A
P2;11/09/2022;Videira;SC;B
P2;11/09/2022;S�o Vicente F�rrer;PE;B
P2;11/09/2022;Porto da Folha;SE;A
P2;11/09/2022;Quebrangulo;AL;A
P2;11/09/2022;Laranjal do Jari;AP;A
P2;11/09/2022;Pianc�;PB;A
P2;11/09/2022;Humait�;AM;A
P2;11/09/2022;Limoeiro de Anadia;AL;B
P2;11/09/2022;Candeias;BA;A
P2;11/09/2022;Almeirim;PA;B
P2;11/09/2022;Rorain�polis;RR;B
P2;11/09/2022;Macei�;AL;A
P2;11/09/2022;Itaja�;SC;B
P2;11/09/2022;Bra�o do Trombudo;SC;B
P2;11/09/2022;Mossor�;RN;A
P2;11/09/2022;S�o Paulo;SP;A
P2;11/09/2022;Bras�lia;DF;A
P2;11/09/2022;Jaraguari;MS;B
P2;11/09/2022;Vilhena;RO;B
P2;11/09/2022;Machadinho D'Oeste;RO;B
P2;11/09/2022;Bela Vista;MS;B
P2;11/09/2022;Ilha de Itamarac�;PE;B
P2;11/09/2022;Macap�;AP;A
P2;11/09/2022;Alto Alegre;RR;A
P2;11/09/2022;Piraqu�;TO;A
P2;11/09/2022;Mossor�;RN;B
P2;11/09/2022;#N/D;#N/D;#N/D
P2;11/09/2022;Rio das Ostras;RJ;B
P2;11/09/2022;Talism�;TO;B
P2;11/09/2022;Ecoporanga;ES;B
P2;11/09/2022;Itarana;ES;A
P2;11/09/2022;Caracara�;RR;B
P2;11/09/2022;S�o Paulo;SP;B
P2;11/09/2022;Senador Guiomard;AC;A
P2;11/09/2022;Goi�nia;GO;B
P2;11/09/2022;Timon;MA;A
P2;11/09/2022;Anan�s;TO;A
P2;11/09/2022;Carolina;MA;A
P2;11/09/2022;Itabora�;RJ;B
P2;11/09/2022;Bigua�u;SC;B
P2;11/09/2022;Guarapari;ES;A
P2;11/09/2022;Salvador;BA;A
P2;11/09/2022;Marapanim;PA;B
P2;11/09/2022;Porto Walter;AC;B
P2;11/09/2022;Vila Val�rio;ES;A
P2;11/09/2022;Tobias Barreto;SE;B
P2;11/09/2022;Lagoa do Mato;MA;B
P2;11/09/2022;Bu�que;PE;A
P2;11/09/2022;Maca�ba;RN;B
P2;11/09/2022;Itaipava do Graja�;MA;B
P2;11/09/2022;Bras�lia;DF;B
P2;11/09/2022;Talism�;TO;A
P2;11/09/2022;Japaratuba;SE;B
P2;11/09/2022;Condado;PB;A
P2;11/09/2022;Barra de S�o Miguel;AL;A
P2;11/09/2022;Mira�ma;CE;A
P2;11/09/2022;V�rzea Grande;MT;A
P2;11/09/2022;Ingazeira;PE;A
P2;11/09/2022;Cunhata�;SC;A
P2;11/09/2022;Salvador;BA;A
P2;11/09/2022;Forquilha;CE;B
P2;11/09/2022;�leo;SP;B
P2;11/09/2022;Cachoeiro de Itapemirim;ES;B
P2;11/09/2022;Juta�;AM;A
P2;11/09/2022;Maravilha;AL;B
P2;11/09/2022;Duer�;TO;A
P2;11/09/2022;Baldim;MG;A
P2;11/09/2022;Quixaba;PE;A
P2;11/09/2022;Duas Barras;RJ;A
P2;11/09/2022;Rondon�polis;MT;B
P2;11/09/2022;Floriano;PI;A
P2;11/09/2022;Tartarugalzinho;AP;A
P2;11/09/2022;Ipaumirim;CE;A
P2;11/09/2022;Montes Claros;MG;B
P2;11/09/2022;Sete Quedas;MS;B
P2;11/09/2022;Sap�;PB;A
P2;11/09/2022;Nova Bandeirantes;MT;A
P2;11/09/2022;Parnarama;MA;B
P2;11/09/2022;Porto Walter;AC;B
P2;11/09/2022;Elesb�o Veloso;PI;A
P2;11/09/2022;Barreiras do Piau�;PI;B
P2;11/09/2022;Parob�;RS;B
P2;11/09/2022;Anicuns;GO;B
P2;11/09/2022;Sooretama;ES;B
P2;11/09/2022;Manaquiri;AM;A
P2;11/09/2022;Barra dos Coqueiros;SE;B
P2;11/09/2022;Deod�polis;MS;A
P2;11/09/2022;Barra Bonita;SC;A
P2;11/09/2022;Bel�m;PA;B
P2;11/09/2022;S�o Crist�v�o;SE;B
P2;11/09/2022;S�o Lu�s;MA;A
P2;11/09/2022;Macap�;AP;A
P2;11/09/2022;Maracaju;MS;B
P2;11/09/2022;Caroebe;RR;B
P2;11/09/2022;Pimenta Bueno;RO;A
P2;11/09/2022;Palho�a;SC;A
P2;11/09/2022;Boa Vista;RR;B
P2;11/09/2022;Porto Velho;RO;B
P2;11/09/2022;Martin�polis;SP;B
P2;11/09/2022;Ramil�ndia;PR;A
P2;11/09/2022;Natal;RN;A
P2;11/09/2022;Aquidab�;SE;B
P2;11/09/2022;Porto Velho;RO;A
P2;11/09/2022;Pirapemas;MA;A
P2;11/09/2022;Gua�u�;ES;A
P2;11/09/2022;Bigua�u;SC;B
P2;11/09/2022;Jequi�;BA;A
P2;11/09/2022;Passo Fundo;RS;B
P2;11/09/2022;Maracana�;CE;A
P2;11/09/2022;Campo Alegre;AL;A
P2;11/09/2022;Santar�m;PA;A
P2;11/09/2022;Areia Branca;SE;A
P2;11/09/2022;Beneditinos;PI;A
P2;11/09/2022;Maragogi;AL;B
P2;11/09/2022;S�o Benedito do Sul;PE;B
P2;11/09/2022;Balne�rio Barra do Sul;SC;B
P2;11/09/2022;Arame;MA;B
P2;11/09/2022;Nossa Senhora do Socorro;SE;B
P2;11/09/2022;Laranjal do Jari;AP;B
P2;11/09/2022;Rio de Janeiro;RJ;A
P2;11/09/2022;Bel�m;PA;A
P2;11/09/2022;Alto Alegre;RR;B
P2;11/09/2022;Umuarama;PR;A
P2;11/09/2022;Jiquiri��;BA;A
P2;11/09/2022;Nilo Pe�anha;BA;B
P2;11/09/2022;S�o Louren�o da Mata;PE;A
P2;11/09/2022;At�lio Viv�cqua;ES;A
P2;11/09/2022;Macap�;AP;A
P2;11/09/2022;Santa F� de Goi�s;GO;A
P2;11/09/2022;Alto Alegre;RR;A
P2;11/09/2022;Laranjal do Jari;AP;A
P2;11/09/2022;Rio Branco;AC;A
P2;11/09/2022;Ivol�ndia;GO;B
P2;11/09/2022;Ipiranga do Norte;MT;B
P2;11/09/2022;Moreira Sales;PR;B
P2;11/09/2022;�gua Azul do Norte;PA;B
P2;11/09/2022;S�o Paulo;SP;A
P2;11/09/2022;S�o Gabriel do Oeste;MS;A
P2;11/09/2022;Barcarena;PA;B
P2;11/09/2022;Joinville;SC;B
P2;11/09/2022;Coari;AM;B
P2;11/09/2022;Lagoa da Confus�o;TO;A
P2;11/09/2022;Natal;RN;B
P2;11/09/2022;Goi�nia;GO;B
P2;11/09/2022;Santa Rosa do Purus;AC;B
P2;11/09/2022;Nazar� do Piau�;PI;B
P2;11/09/2022;Anicuns;GO;B
P2;11/09/2022;S�o Jos� dos Bas�lios;MA;A
P2;11/09/2022;Boa Vista;RR;B
P2;11/09/2022;Jo�o Pessoa;PB;A
P2;11/09/2022;Bras�lia;DF;B
P2;11/09/2022;Oriz�nia;MG;A
P2;11/09/2022;Tangar� da Serra;MT;B
P2;11/09/2022;Alto Alegre;RR;B
P2;11/09/2022;Gado Bravo;PB;B
P2;11/09/2022;Joinville;SC;B
P2;11/09/2022;Barcarena;PA;B
P2;11/09/2022;Mossor�;RN;B
P2;11/09/2022;Juiz de Fora;MG;A
P2;11/09/2022;Igarap�-Miri;PA;A
P2;11/09/2022;Manaquiri;AM;A
P2;11/09/2022;Bonfim;RR;B
P2;11/09/2022;Niquel�ndia;GO;A
P2;11/09/2022;Limoeiro de Anadia;AL;A
P2;11/09/2022;Porto Velho;RO;B
P2;11/09/2022;Porto Walter;AC;B
P2;11/09/2022;Brejetuba;ES;B
P2;11/09/2022;Porto;PI;A
P2;11/09/2022;Cariacica;ES;A
P2;11/09/2022;Tom�-A�u;PA;A
P2;11/09/2022;Len��is Paulista;SP;A
P2;11/09/2022;Boa Vista;RR;B
P2;11/09/2022;Apodi;RN;A
P2;11/09/2022;Ipojuca;PE;B
P2;11/09/2022;Laguna;SC;B
P2;11/09/2022;Laranjal do Jari;AP;B
P2;11/09/2022;Guabiruba;SC;A
P2;11/09/2022;Quixaba;PE;A
P2;11/09/2022;Flor do Sert�o;SC;B
P2;11/09/2022;Serra;ES;A
P2;11/09/2022;Maria Helena;PR;B
P2;11/09/2022;Anaj�s;PA;A
P2;11/09/2022;Laranjal do Jari;AP;B
P2;11/09/2022;Laranjal do Jari;AP;B
P2;11/09/2022;Aracaju;SE;A
P2;11/09/2022;Macap�;AP;A
P2;11/09/2022;Brasil�ndia;MS;B
P2;11/09/2022;Tangar� da Serra;MT;B
P2;11/09/2022;Porto Velho;RO;A
P2;11/09/2022;Porto Velho;RO;B
P2;11/09/2022;Belo Horizonte;MG;A
P2;11/09/2022;Pedro Avelino;RN;A
P2;11/09/2022;S�o Domingos do Norte;ES;A
P2;11/09/2022;Belmiro Braga;MG;A
P2;11/09/2022;Castelo;ES;B
P2;11/09/2022;Areia de Bara�nas;PB;B
P2;11/09/2022;Ribeir�o Pires;SP;A
P2;11/09/2022;Cotia;SP;B
P2;11/09/2022;Boa Vista;RR;B
P2;11/09/2022;Bras�lia;DF;B
P2;11/09/2022;Presidente Dutra;MA;B
P2;11/09/2022;Igarassu;PE;A
P2;11/09/2022;Porto Walter;AC;B
P2;11/09/2022;Ingazeira;PE;A
P2;11/09/2022;Cambu�;MG;A
P2;11/09/2022;Itaituba;PA;A
P2;11/09/2022;S�o Miguel Arcanjo;SP;B
P2;11/09/2022;Senador Guiomard;AC;B
P2;11/09/2022;Cambori�;SC;A
P2;11/09/2022;Irau�uba;CE;A
P2;11/09/2022;S�o Gabriel;BA;A
P2;11/09/2022;Bigua�u;SC;B
P2;11/09/2022;Lobato;PR;B
P2;11/09/2022;Humait�;AM;A
P2;11/09/2022;Palmeira do Piau�;PI;B
P2;11/09/2022;Rochedo de Minas;MG;A
P2;11/09/2022;Rio do Sul;SC;B
P2;11/09/2022;Bel�m;AL;A
P2;11/09/2022;Sento S�;BA;A
P2;11/09/2022;Palmas;TO;B
P2;11/09/2022;Santa F�;PR;B
P2;11/09/2022;Bras�lia;DF;A
P2;11/09/2022;Goiatins;TO;B
P2;11/09/2022;Mariz�polis;PB;B
P2;11/09/2022;Humberto de Campos;MA;A
P2;11/09/2022;Vi�osa do Cear�;CE;A
P2;11/09/2022;Rio Verde;GO;B
P2;11/09/2022;Bras�lia;DF;A
P2;11/09/2022;Trindade;GO;B
P2;11/09/2022;Juqui�;SP;A
P2;11/09/2022;Bras�lia;DF;B
P2;11/09/2022;Rio Branco;AC;B
P2;11/09/2022;Boa Vista;RR;A
P2;11/09/2022;Campo Grande;MS;B
P2;11/09/2022;S�o Jos� dos Bas�lios;MA;A
P2;11/09/2022;Cora��o de Maria;BA;A
P2;11/09/2022;Ne�polis;SE;B
P2;11/09/2022;Capinzal do Norte;MA;A
P2;11/09/2022;Cachoeiro de Itapemirim;ES;B
P2;11/09/2022;Macap�;AP;B
P2;11/09/2022;Campo Limpo Paulista;SP;B
P2;11/09/2022;Jaru;RO;B
P2;11/09/2022;Mara�;AM;B
P2;11/09/2022;Belo Horizonte;MG;A
P2;11/09/2022;Talism�;TO;B
P2;11/09/2022;Doutor Severiano;RN;A
P2;11/09/2022;Ariquemes;RO;A
P2;11/09/2022;Minador do Negr�o;AL;B
P2;11/09/2022;Patis;MG;B
P2;11/09/2022;S�o Jos� dos Bas�lios;MA;A
P2;11/09/2022;Amambai;MS;B
P2;11/09/2022;Alto Alegre;RR;B
P2;11/09/2022;Canto do Buriti;PI;A
P2;11/09/2022;Igarap� Grande;MA;B
P2;11/09/2022;Palmas;TO;B
P2;11/09/2022;Araputanga;MT;B
P2;11/09/2022;Nova Mamor�;RO;A
P2;11/09/2022;Batatais;SP;A
P2;11/09/2022;Talism�;TO;A
P2;11/09/2022;Itaguaru;GO;A
P2;11/09/2022;Rio das Ostras;RJ;B
P2;11/09/2022;S�o Mateus do Maranh�o;MA;A
P2;11/09/2022;Capanema;PA;A
P2;11/09/2022;Rio de Janeiro;RJ;A
P2;11/09/2022;Barra do Gar�as;MT;B
P2;11/09/2022;Camapu�;MS;B
P2;11/09/2022;Nossa Senhora do Socorro;SE;B
P2;11/09/2022;S�o Jos� da Vit�ria;BA;A
P2;11/09/2022;Guabiju;RS;B
P2;11/09/2022;Cachoeiro de Itapemirim;ES;B
P2;11/09/2022;Maracana�;CE;A
P2;11/09/2022;Wall Ferraz;PI;A
P2;11/09/2022;Mossor�;RN;A
P2;11/09/2022;M�ncio Lima;AC;B
P2;11/09/2022;Itapipoca;CE;A
P2;11/09/2022;Vereda;BA;A
P2;11/09/2022;Boquim;SE;B
P2;11/09/2022;Denise;MT;A
P2;11/09/2022;Limoeiro do Norte;CE;A
P2;11/09/2022;Brejo Alegre;SP;B
P2;11/09/2022;Lu�s Correia;PI;A
P2;11/09/2022;S�o Caetano do Sul;SP;B
P2;11/09/2022;Itapor�;MS;B
P2;11/09/2022;Catu;BA;A
P2;11/09/2022;Picos;PI;A
P2;11/09/2022;Manaus;AM;B
P2;11/09/2022;Guarapari;ES;B
P2;11/09/2022;Senador Jos� Porf�rio;PA;A
P2;11/09/2022;Jos� de Freitas;PI;A
P2;11/09/2022;Assis Brasil;AC;B
P2;11/09/2022;Guajar�;AM;A
P2;11/09/2022;Bom Jesus do Tocantins;PA;B
P2;11/09/2022;Sebasti�o Laranjeiras;BA;B
P2;11/09/2022;Painel;SC;B
P2;11/09/2022;Josel�ndia;MA;B
P2;11/09/2022;Camala�;PB;A
P2;11/09/2022;Satuba;AL;B
P2;11/09/2022;Manaquiri;AM;A
P2;11/09/2022;Palmas;TO;B
P2;11/09/2022;Tapiramut�;BA;A
P2;11/09/2022;Manaus;AM;A
P2;11/09/2022;Laranjal do Jari;AP;A
P2;11/09/2022;Camapu�;MS;B
P2;11/09/2022;Governador Lindenberg;ES;A
P2;11/09/2022;Ivaipor�;PR;A
P2;11/09/2022;Santa Terezinha;BA;B
P2;11/09/2022;Presidente M�dici;MA;A
P2;11/09/2022;Tomar do Geru;SE;A
P2;11/09/2022;Senador Pompeu;CE;A
P2;11/09/2022;Rondol�ndia;MT;B
P2;11/09/2022;Forquilha;CE;A
P2;11/09/2022;Macap�;AP;B
P2;11/09/2022;Itaoca;SP;B
P2;11/09/2022;Pouso Redondo;SC;B
P2;11/09/2022;Muqui;ES;A
P2;11/09/2022;Santana;AP;A
P2;11/09/2022;Apuiar�s;CE;A
P2;11/09/2022;Palmas;TO;A
P2;11/09/2022;Jaguar�o;RS;B
P2;11/09/2022;Independ�ncia;CE;A
P2;11/09/2022;Cruzeiro do Sul;AC;A
P2;11/09/2022;Conquista;MG;B
P2;11/09/2022;Macei�;AL;A
P2;11/09/2022;Cachoeiro de Itapemirim;ES;A
P2;11/09/2022;Brejinho de Nazar�;TO;A
P2;11/09/2022;Pil�es;RN;A
P2;11/09/2022;Sonora;MS;B
P2;11/09/2022;Bananeiras;PB;A
P2;11/09/2022;Tanha�u;BA;A
P2;11/09/2022;Crate�s;CE;A
P2;11/09/2022;Camala�;PB;B
P2;11/09/2022;Afogados da Ingazeira;PE;B
P2;11/09/2022;Salvador;BA;B
P2;11/09/2022;Passo do Sobrado;RS;A
P2;11/09/2022;Trajano de Moraes;RJ;B
P2;11/09/2022;Acau�;PI;A
P2;11/09/2022;Nova Friburgo;RJ;A
P2;11/09/2022;Tanque do Piau�;PI;A
P2;11/09/2022;Gouveia;MG;B
P2;11/09/2022;Iracema;RR;B
P2;11/09/2022;Forquilhinha;SC;B
P2;11/09/2022;Bras�lia;DF;B
P2;11/09/2022;Corrente;PI;A
P2;11/09/2022;Aquidab�;SE;B
P2;11/09/2022;Vila Val�rio;ES;A
P2;11/09/2022;Itapecuru Mirim;MA;B
P2;11/09/2022;S�o Benedito do Sul;PE;A
P2;11/09/2022;Campo Grande;MS;B
P2;11/09/2022;Batalha;AL;B
P2;11/09/2022;Vargem Alta;ES;A
P2;11/09/2022;Camet�;PA;B
P2;11/09/2022;Serra do Navio;AP;A
P2;11/09/2022;Planalto da Serra;MT;A
P2;11/09/2022;Joa�aba;SC;B
P2;11/09/2022;Aquidab�;SE;A
P2;11/09/2022;Aquidab�;SE;A
P2;11/09/2022;Aragua�u;TO;A
P2;11/09/2022;Maring�;PR;B
P2;11/09/2022;Maracaju;MS;A
P2;11/09/2022;Goi�nia;GO;B
P2;11/09/2022;Joaquim Gomes;AL;A
P2;11/09/2022;Bel�m;PA;A
P2;11/09/2022;Aragua�u;TO;A
P2;11/09/2022;Barreiras do Piau�;PI;A
P2;11/09/2022;Comendador Levy Gasparian;RJ;A
P2;11/09/2022;Passagem;PB;A
P2;11/09/2022;Dois Irm�os;RS;B
P2;11/09/2022;Porto Murtinho;MS;B
P2;11/09/2022;Marab�;PA;A
P2;11/09/2022;Porto Velho;RO;B
P2;11/09/2022;Petrol�ndia;PE;A
P2;11/09/2022;Jos� Bonif�cio;SP;A
P2;11/09/2022;#N/D;#N/D;#N/D
P2;11/09/2022;Muqu�m do S�o Francisco;BA;A
P2;11/09/2022;Nova Mutum;MT;A
P2;11/09/2022;Tanque do Piau�;PI;A
P2;11/09/2022;Cruz do Esp�rito Santo;PB;A
P2;11/09/2022;Douradina;MS;B
P2;11/09/2022;Macap�;AP;B
P2;11/09/2022;Mandaguari;PR;B
P2;11/09/2022;Mirangaba;BA;B
P2;11/09/2022;Novo Progresso;PA;B
P2;11/09/2022;Indiaroba;SE;A
P2;11/09/2022;Pimenta Bueno;RO;A
P2;11/09/2022;Planalto;PR;B
P2;11/09/2022;Alta Floresta D'Oeste;RO;A
P2;11/09/2022;Juazeiro do Norte;CE;A
P2;11/09/2022;Figueir�o;MS;B
P2;11/09/2022;Natal;RN;B
P2;11/09/2022;Igarassu;PE;A
P2;11/09/2022;Iranduba;AM;B
P2;11/09/2022;Manaus;AM;A
P2;11/09/2022;Limoeiro de Anadia;AL;A
P2;11/09/2022;Betim;MG;B
P2;11/09/2022;Bras�lia;DF;A
P2;11/09/2022;Itaberaba;BA;A
P2;11/09/2022;Jaragu� do Sul;SC;B
P2;11/09/2022;Aracaju;SE;B
P2;11/09/2022;Araguan�;MA;A
P2;11/09/2022;S�o Jos� do Rio Preto;SP;B
P2;11/09/2022;Quebrangulo;AL;A
P2;11/09/2022;Bras�lia;DF;A
P2;11/09/2022;Rondon�polis;MT;B
P2;11/09/2022;Macei�;AL;B
P2;11/09/2022;Juatuba;MG;B
P2;11/09/2022;Laranjal do Jari;AP;B
P2;11/09/2022;Pracu�ba;AP;A
P2;11/09/2022;S�o Jos� dos Bas�lios;MA;A
P2;11/09/2022;Bras�lia;DF;B
P2;11/09/2022;Blumenau;SC;B
P2;11/09/2022;S�o Lu�s;MA;A
P2;11/09/2022;Novo Cabrais;RS;B
P2;11/09/2022;Vale de S�o Domingos;MT;A
P2;11/09/2022;Jeric�;PB;A
P2;11/09/2022;Campo Verde;MT;A
P2;11/09/2022;Cant�;RR;B
P2;11/09/2022;Bataguassu;MS;B
P2;11/09/2022;Sarzedo;MG;A
P2;11/09/2022;Petrolina;PE;A
P2;11/09/2022;Taquaritinga do Norte;PE;B
P2;11/09/2022;Maranguape;CE;A
P2;11/09/2022;Vila Val�rio;ES;B
P2;11/09/2022;Campo Grande;MS;B
P2;11/09/2022;Livramento de Nossa Senhora;BA;B
P2;11/09/2022;Natal;RN;A
P2;11/09/2022;Luzil�ndia;PI;A
P2;11/09/2022;Imperatriz;MA;A
P2;11/09/2022;Boa Vista;RR;B
P2;11/09/2022;S�o Jo�o da Serra;PI;A
P2;11/09/2022;Guajar�-Mirim;RO;A
P2;11/09/2022;Sim�es;PI;A
P2;11/09/2022;Ribeir�polis;SE;B
P2;11/09/2022;Juazeiro;BA;B
P2;11/09/2022;Arcoverde;PE;A
P2;11/09/2022;Talism�;TO;B
P2;11/09/2022;Barra do Rocha;BA;A
P2;11/09/2022;Santo Ant�nio de Jesus;BA;A
P2;11/09/2022;Aracati;CE;B
P2;11/09/2022;Rio Verde;GO;B
P2;11/09/2022;Trindade;GO;B
P2;11/09/2022;Santana;AP;B
P2;11/09/2022;Foz do Jord�o;PR;B
P2;11/09/2022;Anadia;AL;A
P2;11/09/2022;Porto Velho;RO;B
P2;11/09/2022;Casa Nova;BA;A
P2;11/09/2022;Ji-Paran�;RO;B
P2;11/09/2022;Alvorada;RS;B
P2;11/09/2022;Nossa Senhora de Lourdes;SE;A
P2;11/09/2022;Porto Walter;AC;B
P2;11/09/2022;Londrina;PR;B
P2;11/09/2022;Cascavel;PR;B
P2;11/09/2022;Manaquiri;AM;B
P2;11/09/2022;Murici;AL;B
P2;11/09/2022;Boa Vista;RR;A
P2;11/09/2022;Consola��o;MG;A
P2;11/09/2022;Buriti dos Lopes;PI;A
P2;11/09/2022;Fortaleza;CE;A
P2;11/09/2022;Mossor�;RN;B
P2;11/09/2022;Vera Cruz;SP;A
P2;11/09/2022;Paulo Jacinto;AL;B
P2;11/09/2022;Nova Russas;CE;A
P2;11/09/2022;Tenente Laurentino Cruz;RN;A
P2;11/09/2022;Rondol�ndia;MT;A
P2;11/09/2022;Amorin�polis;GO;B
P2;11/09/2022;Forquilha;CE;A
P2;11/09/2022;Campina Grande;PB;A
P2;11/09/2022;Monte Horebe;PB;B
P2;11/09/2022;Camapu�;MS;B
P2;11/09/2022;Jo�o Alfredo;PE;A
P2;11/09/2022;Castanheiras;RO;B
P2;11/09/2022;Boa Vista;RR;B
P2;11/09/2022;Concei��o da Barra;ES;B
P2;11/09/2022;Guaruj�;SP;B
P2;11/09/2022;Posse;GO;B
P2;11/09/2022;Capanema;PA;A
P2;11/09/2022;Anadia;AL;B
P2;11/09/2022;Araguatins;TO;A
P2;11/09/2022;Jacaraci;BA;A
P2;11/09/2022;Lucas do Rio Verde;MT;B
P2;11/09/2022;Jaboat�o dos Guararapes;PE;A
P2;11/09/2022;Rio Verde;GO;A
P2;11/09/2022;Pai�andu;PR;A
P2;11/09/2022;Alto Alegre;RR;B
P2;11/09/2022;Dourados;MS;A
P2;11/09/2022;Cangu�u;RS;A
P2;11/09/2022;Macei�;AL;A
P2;11/09/2022;Vila Velha;ES;B
P2;11/09/2022;Rio dos �ndios;RS;A
P2;11/09/2022;S�o Jos� dos Bas�lios;MA;B
P2;11/09/2022;Alto Long�;PI;A
P2;11/09/2022;Macap�;AP;A
P2;11/09/2022;Quebrangulo;AL;B
P2;11/09/2022;Guaporema;PR;B
P2;11/09/2022;Cumaru do Norte;PA;A
P2;11/09/2022;Ponta Por�;MS;A
P2;11/09/2022;Cruzeiro do Sul;AC;B
P2;11/09/2022;Monte Belo;MG;A
P2;11/09/2022;Aracruz;ES;B
P2;11/09/2022;Cod�;MA;B
P2;11/09/2022;Concei��o do Lago-A�u;MA;B
P2;11/09/2022;Alexandria;RN;B
P2;11/09/2022;Manoel Urbano;AC;B
P2;11/09/2022;Cant�;RR;B
P2;11/09/2022;Joinville;SC;B
P2;11/09/2022;Pimenta Bueno;RO;A
P2;11/09/2022;Guajar�;AM;B
P2;11/09/2022;Rondon do Par�;PA;A
P2;11/09/2022;Joa�aba;SC;A
P2;11/09/2022;Itambacuri;MG;B
P2;11/09/2022;Planaltina;GO;B
P2;11/09/2022;Salvador;BA;A
P2;11/09/2022;Forquilha;CE;B
P2;11/09/2022;Messias Targino;RN;A
P2;11/09/2022;Gua�ra;SP;B
P2;11/09/2022;Calumbi;PE;B
P2;11/09/2022;Banabui�;CE;A
P2;11/09/2022;Heitora�;GO;B
P2;11/09/2022;Maragogi;AL;A
P2;11/09/2022;Alagoinhas;BA;B
P2;11/09/2022;Palmas;TO;A
P2;11/09/2022;Santo In�cio do Piau�;PI;A
P2;11/09/2022;Goian�sia;GO;B
P2;11/09/2022;Nil�polis;RJ;A
P2;11/09/2022;Lagarto;SE;A
P2;11/09/2022;Vit�ria do Mearim;MA;A
P2;11/09/2022;V�rzea Grande;MT;A
P2;11/09/2022;Rio Branco;AC;A
P2;11/09/2022;Cascavel;PR;A
P2;11/09/2022;Rio de Janeiro;RJ;A
P2;11/09/2022;Aquidauana;MS;A
P2;11/09/2022;Ivor�;RS;A
P2;11/09/2022;Limoeiro de Anadia;AL;B
P2;11/09/2022;Barcarena;PA;A
P2;11/09/2022;Rondol�ndia;MT;A
P2;11/09/2022;Santo Ant�nio do Descoberto;GO;B
P2;11/09/2022;S�o Benedito;CE;B
P2;11/09/2022;Camapu�;MS;B
P2;11/09/2022;Itamarati de Minas;MG;B
P2;11/09/2022;Jaragu�;GO;A
P2;11/09/2022;V�rzea Grande;MT;B
P2;11/09/2022;Florian�polis;SC;A
P2;11/09/2022;Aquidab�;SE;B
P2;11/09/2022;Rio das Ostras;RJ;A
P2;11/09/2022;Pimenta Bueno;RO;B
P2;11/09/2022;Mossor�;RN;A
P2;11/09/2022;Santa Luzia do Norte;AL;A
P2;11/09/2022;Porto Nacional;TO;B
P2;11/09/2022;�guia Branca;ES;B
P2;11/09/2022;Patos;PB;A
P2;11/09/2022;Laranjal do Jari;AP;A
P2;11/09/2022;Mazag�o;AP;B
P2;11/09/2022;Colatina;ES;B
P2;11/09/2022;S�o Gon�alo;RJ;A
P2;11/09/2022;S�o Miguel Arcanjo;SP;A
P2;11/09/2022;Cabo de Santo Agostinho;PE;A
P2;11/09/2022;Fortaleza;CE;A
P2;11/09/2022;Cachoeiro de Itapemirim;ES;A
P2;11/09/2022;Campo Largo;PR;A
P2;11/09/2022;Irati;PR;B
P2;11/09/2022;Nova Igua�u;RJ;A
P2;11/09/2022;Presidente M�dici;RO;B
P2;11/09/2022;Boa Vista;RR;B
P2;11/09/2022;Mucurici;ES;A
P2;11/09/2022;Carangola;MG;B
P2;11/09/2022;Novo Aripuan�;AM;A
P2;11/09/2022;Flor do Sert�o;SC;B
P2;11/09/2022;Camapu�;MS;B
P2;11/09/2022;Ipixuna;AM;A
P2;11/09/2022;Jumirim;SP;A
P2;11/09/2022;Catu�pe;RS;B
P2;11/09/2022;Colombo;PR;B
P2;11/09/2022;Aquidab�;SE;A
P2;11/09/2022;Theobroma;RO;A
P2;11/09/2022;S�o Jos� do Cal�ado;ES;A
P2;11/09/2022;Parauapebas;PA;A
P2;11/09/2022;Mogi das Cruzes;SP;B
P2;11/09/2022;Rio Branco;AC;A
P2;11/09/2022;Camapu�;MS;B
P2;11/09/2022;Castelo;ES;B
P2;11/09/2022;Laranjal do Jari;AP;A
P2;11/09/2022;Patos de Minas;MG;B
P2;11/09/2022;Nova Mutum;MT;B
P2;11/09/2022;Manaus;AM;A
P2;11/09/2022;Colombo;PR;B
P2;11/09/2022;Atalaia do Norte;AM;A
P2;11/09/2022;Bras�lia;DF;B
P2;11/09/2022;S�o Jo�o da Baliza;RR;B
P2;11/09/2022;Campestre do Maranh�o;MA;A
P2;11/09/2022;Forquilhinha;SC;B
P2;11/09/2022;Corumb�;MS;B
P2;11/09/2022;Salvador;BA;A
P2;11/09/2022;Cabaceiras;PB;A
P2;11/09/2022;Amparo do S�o Francisco;SE;A
P2;11/09/2022;J�ia;RS;A
P2;11/09/2022;Colombo;PR;B
P2;11/09/2022;S�o Bento do Trair�;RN;B
P2;11/09/2022;Miguel Alves;PI;A
P2;11/09/2022;Lacerd�polis;SC;B
P2;11/09/2022;Bras�lia;DF;B
P2;11/09/2022;Alto Alegre;RR;B
P2;11/09/2022;Tangar� da Serra;MT;B
P2;11/09/2022;Santo Augusto;RS;B
P2;11/09/2022;Monte do Carmo;TO;B
P2;11/09/2022;Manaus;AM;A
P2;11/09/2022;Goian�sia;GO;A
P2;11/09/2022;Porto Walter;AC;B
P2;11/09/2022;Cotrigua�u;MT;B
P2;11/09/2022;Mossor�;RN;B
P2;11/09/2022;Salinas da Margarida;BA;A
P2;11/09/2022;Macap�;AP;A
P2;11/09/2022;Planaltina;GO;B
P2;11/09/2022;Nazar� da Mata;PE;A
P2;11/09/2022;Sales;SP;A
P2;11/09/2022;Natividade;RJ;B
P2;11/09/2022;Araruna;PB;A
P2;11/09/2022;Amap� do Maranh�o;MA;B
P2;11/09/2022;Rio Branco;AC;B
P2;11/09/2022;Alian�a do Tocantins;TO;A
P2;11/09/2022;Mossor�;RN;A
P2;11/09/2022;Itabora�;RJ;B
P2;11/09/2022;Rondon�polis;MT;A
P2;11/09/2022;S�o Jos� do Rio Preto;SP;A
P2;11/09/2022;Gua�u�;ES;A
P2;11/09/2022;Rorain�polis;RR;B
P2;11/09/2022;Rio Branco;AC;B
P2;11/09/2022;Natal;RN;A
P2;11/09/2022;Alto Alegre;RR;B
P2;11/09/2022;Bras�lia;DF;A
P2;11/09/2022;Ipiranga;PR;B
P2;11/09/2022;Manaus;AM;A
P2;11/09/2022;Lobato;PR;B
P2;11/09/2022;S�o Mateus;ES;A
P2;11/09/2022;Nova Lacerda;MT;A
P2;11/09/2022;Boa Esperan�a;ES;B
P2;11/09/2022;Camaragibe;PE;B
P2;11/09/2022;Pimenta Bueno;RO;B
P2;11/09/2022;Campo Grande;MS;B
P2;11/09/2022;Itaubal;AP;A
P2;11/09/2022;Getulina;SP;A
P2;11/09/2022;Israel�ndia;GO;A
P2;11/09/2022;Juiz de Fora;MG;A
P2;11/09/2022;Porto Walter;AC;B
P2;11/09/2022;Alto Alegre;RR;B
P2;11/09/2022;Porto Walter;AC;B
P2;11/09/2022;Rio Branco;AC;B
P2;11/09/2022;Sum�;PB;A
P2;11/09/2022;Corumb�;MS;B
P2;11/09/2022;S�o Bernardo do Campo;SP;A
P2;11/09/2022;Anicuns;GO;A
P2;11/09/2022;Cachoeira do Piri�;PA;B
P2;11/09/2022;Turil�ndia;MA;B
P2;11/09/2022;Curitiba;PR;A
P2;11/09/2022;Patos;PB;B
P2;11/09/2022;S�o Bento;MA;A
P2;11/09/2022;Breves;PA;A
P2;11/09/2022;Mossor�;RN;A
P2;11/09/2022;Alto Alegre;RR;A
P2;11/09/2022;Manaquiri;AM;A
P2;11/09/2022;S�o Pedro do Piau�;PI;A
P2;11/09/2022;Manaus;AM;A
P2;11/09/2022;Colatina;ES;B
P2;11/09/2022;S�o Jo�o da Baliza;RR;A
P2;11/09/2022;Manaus;AM;B
P2;11/09/2022;Para�so do Tocantins;TO;B
P2;11/09/2022;Talism�;TO;A
P2;11/09/2022;Barcarena;PA;B
P2;11/09/2022;Rio de Janeiro;RJ;A
P2;11/09/2022;Rio Crespo;RO;B
P2;11/09/2022;Alvorada D'Oeste;RO;A
P2;11/09/2022;Maravilha;AL;B
P2;11/09/2022;Xapuri;AC;B
P2;11/09/2022;Alagoa Grande;PB;A
P2;11/09/2022;Araguan�;MA;A
P2;11/09/2022;Tiangu�;CE;A
P2;11/09/2022;Macei�;AL;A
P2;11/09/2022;Natal;RN;B
P2;11/09/2022;Pedro Afonso;TO;A
P2;11/09/2022;Bel�m;PA;A
P2;11/09/2022;Igrejinha;RS;A
P2;11/09/2022;Macap�;AP;B
P2;11/09/2022;Porto Calvo;AL;B
P2;11/09/2022;Balne�rio Barra do Sul;SC;A
P2;11/09/2022;Cuiab�;MT;A
P2;11/09/2022;Passira;PE;A
P2;11/09/2022;Flor do Sert�o;SC;A
P2;11/09/2022;Boa Vista;RR;B
P2;11/09/2022;Santa Izabel do Par�;PA;A
P2;11/09/2022;Humait�;AM;B
P2;11/09/2022;Laranjal do Jari;AP;B
P2;11/09/2022;Campina do Monte Alegre;SP;A
P2;11/09/2022;Governador Dix-Sept Rosado;RN;A
P2;11/09/2022;Senador Guiomard;AC;B
P2;11/09/2022;S�o Paulo;SP;B
P2;11/09/2022;Igarap� Grande;MA;A
P2;11/09/2022;At�lio Viv�cqua;ES;B
P2;11/09/2022;Rio das Ostras;RJ;A
P2;11/09/2022;S�o Jo�o da Baliza;RR;B
P2;11/09/2022;Laranjal do Jari;AP;A
P2;11/09/2022;Ibirama;SC;B
P2;11/09/2022;Porto Nacional;TO;B
P2;11/09/2022;Bras�lia;DF;A
P2;11/09/2022;Rio das Ostras;RJ;B
P2;11/09/2022;Fortaleza;CE;A
P2;11/09/2022;Flor do Sert�o;SC;B
P2;11/09/2022;Campo Grande;MS;A
P2;11/09/2022;S�o Gon�alo;RJ;B
P2;11/09/2022;Aracaju;SE;A
P2;11/09/2022;Porto Velho;RO;A
P2;11/09/2022;Bras�lia;DF;A
P2;11/09/2022;Santo In�cio do Piau�;PI;A
P2;11/09/2022;Peri Mirim;MA;A
P2;11/09/2022;Macap�;AP;B
P2;11/09/2022;Boa Vista;RR;B
P2;11/09/2022;Vila Velha;ES;B
P2;11/09/2022;Prudente de Morais;MG;A
P2;11/09/2022;Tamandar�;PE;A
P2;11/09/2022;Rio do Sul;SC;B
P2;11/09/2022;Porto Walter;AC;B
P2;11/09/2022;Jana�ba;MG;B
P2;11/09/2022;Igaci;AL;A
P2;11/09/2022;Itabela;BA;A
P2;11/09/2022;Natal;RN;B
P2;11/09/2022;Mata Grande;AL;A
P2;11/09/2022;Rio das Ostras;RJ;A
P2;11/09/2022;Aparecida do Rio Negro;TO;A
P2;11/09/2022;Jaguari�na;SP;B
P2;11/09/2022;Rio Branco;AC;B
P2;11/09/2022;Ros�rio do Catete;SE;B
P2;11/09/2022;�gua Preta;PE;B
P2;11/09/2022;Buriti dos Lopes;PI;A
P2;11/09/2022;Imaculada;PB;A
P2;11/09/2022;Ponta Grossa;PR;A
P2;11/09/2022;Bigua�u;SC;A
P2;11/09/2022;Marab�;PA;B
P2;11/09/2022;S�o Jos� de Ribamar;MA;B
P2;11/09/2022;Rio Largo;AL;A
P2;11/09/2022;Bras�lia;DF;A
P2;11/09/2022;Juiz de Fora;MG;A
P2;11/09/2022;Amarante;PI;A
P2;11/09/2022;Correia Pinto;SC;B
P2;11/09/2022;Xapuri;AC;B
P2;11/09/2022;Itaporanga d'Ajuda;SE;A
P2;11/09/2022;S�o Jo�o da Barra;RJ;B
P2;11/09/2022;Cl�udia;MT;B
P2;11/09/2022;Bras�lia;DF;A
P2;11/09/2022;Vi�osa;MG;A
P2;11/09/2022;Salto;SP;A
P2;11/09/2022;Bel�m;PA;A
P2;11/09/2022;Paes Landim;PI;A
P2;11/09/2022;Conquista D'Oeste;MT;B
P2;11/09/2022;S�o Miguel do Gostoso;RN;B
P2;11/09/2022;Mundo Novo;MS;B
P2;11/09/2022;Recife;PE;B
P2;11/09/2022;Cruzmaltina;PR;B
P2;11/09/2022;Capixaba;AC;B
P2;11/09/2022;Talism�;TO;A
P2;11/09/2022;Barra da Estiva;BA;A
P2;11/09/2022;Marechal Deodoro;AL;B
P2;11/09/2022;Iva�;PR;B
P2;11/09/2022;Aracaju;SE;A
P2;11/09/2022;Trombudo Central;SC;B
P2;11/09/2022;Peju�ara;RS;B
P2;11/09/2022;Cacaul�ndia;RO;B
P2;11/09/2022;Cruzeta;RN;A
P2;11/09/2022;Tucum�;PA;A
P2;11/09/2022;Mossor�;RN;B
P2;11/09/2022;Terenos;MS;A
P2;11/09/2022;Santa Cruz da Esperan�a;SP;B
P2;11/09/2022;Santo Expedito do Sul;RS;B
P2;11/09/2022;Rio Branco;AC;B
P2;11/09/2022;Salvador;BA;A
P2;11/09/2022;Atibaia;SP;B
P2;11/09/2022;S�o Sim�o;SP;A
P2;11/09/2022;Ipojuca;PE;B
P2;11/09/2022;Alcin�polis;MS;A
P2;11/09/2022;Laranjal do Jari;AP;B
P2;11/09/2022;Porto Walter;AC;B
P2;11/09/2022;S�o Jer�nimo;RS;A
P2;11/09/2022;S�o Miguel Arcanjo;SP;A
P2;11/09/2022;Magalh�es Barata;PA;B
P2;11/09/2022;S�o Luiz;RR;A
P2;11/09/2022;Iranduba;AM;A
P2;11/09/2022;Rio de Janeiro;RJ;B
P2;11/09/2022;Pato Branco;PR;A
P2;11/09/2022;Salvador;BA;A
P2;11/09/2022;Laranjal do Jari;AP;B
P2;11/09/2022;Port�o;RS;B
P2;11/09/2022;Imperatriz;MA;A
P2;11/09/2022;Itatim;BA;A
P2;11/09/2022;Paramirim;BA;B
P2;11/09/2022;Gl�ria de Dourados;MS;B
P2;11/09/2022;Manaus;AM;A
P2;11/09/2022;Corumb�;MS;A
P2;11/09/2022;Londrina;PR;B
P2;11/09/2022;Esplanada;BA;A
P2;11/09/2022;Ribeira do Amparo;BA;A
P2;11/09/2022;Santo Ant�nio;RN;A
P2;11/09/2022;Castanhal;PA;A
P2;11/09/2022;Tanque do Piau�;PI;A
P2;11/09/2022;Corumba�ba;GO;B
P2;11/09/2022;Goi�nia;GO;A
P2;11/09/2022;Nova Santa Rita;PI;A
P2;11/09/2022;Dourados;MS;A
P2;11/09/2022;Alto Alegre;RR;B
P2;11/09/2022;S�o Jos� dos Quatro Marcos;MT;A
P2;11/09/2022;Parauapebas;PA;A
P2;11/09/2022;Porto Walter;AC;B
P2;11/09/2022;Bras�lia;DF;B
P2;11/09/2022;Natal;RN;A
P2;11/09/2022;Cara�bas;RN;B
P2;11/09/2022;Barbacena;MG;B
P2;11/09/2022;Natividade;TO;A
P2;11/09/2022;L�brea;AM;B
P2;11/09/2022;Simpl�cio Mendes;PI;A
P2;11/09/2022;Belo Horizonte;MG;B
P2;11/09/2022;Buenos Aires;PE;A
P2;11/09/2022;Bigua�u;SC;A
P2;11/09/2022;Minador do Negr�o;AL;B
P2;11/09/2022;Olho d'�gua do Casado;AL;A
P2;11/09/2022;Caetanos;BA;B
P2;11/09/2022;Videira;SC;A
P2;11/09/2022;�lvares Florence;SP;B
P2;11/09/2022;Mossor�;RN;A
P2;11/09/2022;Farroupilha;RS;A
P2;11/09/2022;Senador S�;CE;A
P2;11/09/2022;Goian�sia;GO;B
P2;11/09/2022;S�o Jos� das Palmeiras;PR;A
P2;11/09/2022;Bras�lia;DF;B
P2;11/09/2022;Para�so do Tocantins;TO;A
P2;11/09/2022;Ilha de Itamarac�;PE;A
P2;11/09/2022;S�o Caetano do Sul;SP;A
P2;11/09/2022;Patos;PB;A
P2;11/09/2022;Rondol�ndia;MT;B
P2;11/09/2022;Cajueiro da Praia;PI;A
P2;11/09/2022;Bras�lia;DF;A
P2;11/09/2022;Sapucaia do Sul;RS;A
P2;11/09/2022;Palmas;TO;A
P2;11/09/2022;Bras�lia;DF;B
P2;11/09/2022;Carneiros;AL;A
P2;11/09/2022;Pombos;PE;A
P2;11/09/2022;S�o Miguel Arcanjo;SP;A
P2;11/09/2022;Camacan;BA;A
P2;11/09/2022;Camapu�;MS;A
P2;11/09/2022;Bras�lia;DF;B
P2;11/09/2022;Ribeir�polis;SE;A
P2;11/09/2022;Senador S�;CE;B
P2;11/09/2022;Rio de Janeiro;RJ;B
P2;11/09/2022;Jo�o Pessoa;PB;A
P2;11/09/2022;Aragua�na;TO;B
P2;11/09/2022;Axix� do Tocantins;TO;A
P2;11/09/2022;Aracruz;ES;A
P2;11/09/2022;Bras�lia;DF;A
P2;11/09/2022;Rio de Janeiro;RJ;B
P2;11/09/2022;Nazar� do Piau�;PI;B
P2;11/09/2022;Curitiba;PR;B
P2;11/09/2022;Lagoa Vermelha;RS;B
P2;11/09/2022;Arapiraca;AL;B
P2;11/09/2022;Bras�lia;DF;B
P2;11/09/2022;Porto Acre;AC;B
P2;11/09/2022;Londrina;PR;B
P2;11/09/2022;Juiz de Fora;MG;B
P2;11/09/2022;Itaitinga;CE;A
P2;11/09/2022;Pacatuba;SE;A
P2;11/09/2022;Nova Friburgo;RJ;B
P2;11/09/2022;Laranja da Terra;ES;B
P2;11/09/2022;Rio das Ostras;RJ;A
P2;11/09/2022;Machadinho D'Oeste;RO;B
P2;11/09/2022;Serra;ES;A
P2;11/09/2022;Vacaria;RS;B
P2;11/09/2022;Matrinch�;GO;B
P2;11/09/2022;Jacara�;PB;A
P2;11/09/2022;�gua Azul do Norte;PA;B
P2;11/09/2022;Chapec�;SC;A
P2;11/09/2022;Bacabal;MA;A
P2;11/09/2022;Laranjal do Jari;AP;A
P2;11/09/2022;Acar�;PA;B
P2;11/09/2022;Capixaba;AC;B
P2;11/09/2022;Carrasco Bonito;TO;A
P2;11/09/2022;Dourados;MS;A
P2;11/09/2022;Betim;MG;B
P2;11/09/2022;Salinas da Margarida;BA;A
P2;11/09/2022;Curralinhos;PI;A
P2;11/09/2022;Vilhena;RO;B
P2;11/09/2022;Araguatins;TO;B
P2;11/09/2022;Bras�lia;DF;B
P2;11/09/2022;Macap�;AP;A
P2;11/09/2022;S�o Jos� da Laje;AL;B
P2;11/09/2022;Parana�ba;MS;B
P2;11/09/2022;Capixaba;AC;B
P2;11/09/2022;Bragan�a;PA;A
P2;11/09/2022;Bras�lia;DF;B
P2;11/09/2022;Toledo;PR;B
P2;11/09/2022;Cabixi;RO;B
P2;11/09/2022;Chapec�;SC;A
P2;11/09/2022;Vit�ria;ES;A
P2;11/09/2022;Araruna;PB;A
P2;11/09/2022;Planaltino;BA;B
P2;11/09/2022;S�o Fid�lis;RJ;B
P2;11/09/2022;Campo Largo;PR;A
P2;11/09/2022;Recife;PE;A
P2;11/09/2022;Urbano Santos;MA;A
P2;11/09/2022;Ponte Alta;SC;B
P2;11/09/2022;Aracati;CE;A
P2;11/09/2022;S�o Jos� dos Bas�lios;MA;A
P2;11/09/2022;Toledo;PR;B
P2;11/09/2022;Bom Jesus;RS;B
P2;11/09/2022;Bras�lia;DF;A
P2;11/09/2022;Filad�lfia;TO;B
P2;11/09/2022;Pirapora;MG;B
P2;11/09/2022;An�polis;GO;B
P2;11/09/2022;Itaquitinga;PE;B
P2;11/09/2022;Ca�u;GO;B
P2;11/09/2022;Guarapari;ES;B
P2;11/09/2022;Carpina;PE;A
P2;11/09/2022;Pil�es;PB;A
P2;11/09/2022;Capit�o Po�o;PA;B
P2;11/09/2022;S�o Jos� do Rio Preto;SP;B
P2;11/09/2022;Itabuna;BA;A
P2;11/09/2022;Cangu�u;RS;A
P2;11/09/2022;Ita� de Minas;MG;B
P2;11/09/2022;Nazarezinho;PB;A
P2;11/09/2022;Cubat�o;SP;B
P2;11/09/2022;Macap�;AP;A
P2;11/09/2022;Jacara�;PB;B
P2;11/09/2022;Coruripe;AL;B
P2;11/09/2022;Natividade;RJ;B
P2;11/09/2022;Vila Velha;ES;A
P2;11/09/2022;Porto Velho;RO;B
P2;11/09/2022;Campo Grande;MS;B
P2;11/09/2022;Itabira;MG;A
P2;11/09/2022;Guara�;TO;B
P2;11/09/2022;Cutias;AP;B
P2;11/09/2022;Vilhena;RO;B
P2;11/09/2022;Juazeiro;BA;A
P2;11/09/2022;Aveiro;PA;A
P2;11/09/2022;Viana;ES;A
P2;11/09/2022;Aracaju;SE;B
P2;11/09/2022;Alto Alegre;RR;B
P2;11/09/2022;Juarina;TO;A
P2;11/09/2022;Campo Grande;MS;B
P2;11/09/2022;S�o Domingos do Capim;PA;B
P2;11/09/2022;Carneiros;AL;B
P2;11/09/2022;Rondon do Par�;PA;A
P2;11/09/2022;Terenos;MS;A
P2;11/09/2022;Poranga;CE;B
P2;11/09/2022;Bras�lia;DF;B
P2;11/09/2022;Rio Branco;AC;B
P2;11/09/2022;Igaci;AL;B
P2;11/09/2022;Vereda;BA;A
P2;11/09/2022;Iranduba;AM;B
P2;11/09/2022;Algod�o de Janda�ra;PB;A
P2;11/09/2022;Alto Alegre;RR;B
P2;11/09/2022;Porto Velho;RO;A
P2;11/09/2022;Cal�oene;AP;A
P2;11/09/2022;Santo �ngelo;RS;B
P2;11/09/2022;Jaguaribara;CE;B
P2;11/09/2022;Aquidab�;SE;A
P2;11/09/2022;Boa Vista;RR;B
P2;11/09/2022;Divinol�ndia de Minas;MG;B
P2;11/09/2022;Curitiba;PR;B
P2;11/09/2022;Serra do Navio;AP;B
P2;11/09/2022;Jeric�;PB;A
P2;11/09/2022;Rio de Janeiro;RJ;B
P2;11/09/2022;Porto Walter;AC;B
P2;11/09/2022;Serra Nova Dourada;MT;B
P2;11/09/2022;Aragua�na;TO;A
P2;11/09/2022;Borborema;SP;B
P2;11/09/2022;Mogeiro;PB;B
P2;11/09/2022;Goi�nia;GO;A
P2;11/09/2022;Parnamirim;PE;B
P2;11/09/2022;Espig�o D'Oeste;RO;A
P2;11/09/2022;Jo�o Pessoa;PB;A
P2;11/09/2022;Juti;MS;A
P2;11/09/2022;Alto Alegre;RR;A
P2;11/09/2022;Macap�;AP;B
P2;11/09/2022;S�o Gon�alo;RJ;B
P2;11/09/2022;Pedra Branca do Amapari;AP;B
P2;11/09/2022;S�o Gon�alo;RJ;A
P2;11/09/2022;Barra Velha;SC;B
P2;11/09/2022;S�o Luiz;RR;A
P2;11/09/2022;Ibatiba;ES;B
P2;11/09/2022;Rio Verde de Mato Grosso;MS;A
P2;11/09/2022;Londrina;PR;A
P2;11/09/2022;Teresina;PI;A
P2;11/09/2022;Manaquiri;AM;B
P2;11/09/2022;Nova Monte Verde;MT;B
P2;11/09/2022;Mariluz;PR;A
P2;11/09/2022;Porto Walter;AC;B
P2;11/09/2022;It�;SC;B
P2;11/09/2022;Alto Alegre;RR;A
P2;11/09/2022;Iaras;SP;B
P2;11/09/2022;Divina Pastora;SE;A
P2;11/09/2022;S�o Sim�o;GO;B
P2;11/09/2022;Ibimirim;PE;A
P2;11/09/2022;Canavieira;PI;A
P2;11/09/2022;Quixaba;PE;A
P2;11/09/2022;Goi�nia;GO;B
P2;11/09/2022;Mococa;SP;B
P2;11/09/2022;Palmeirais;PI;B
P2;11/09/2022;Rio Crespo;RO;A
P2;11/09/2022;Curitiba;PR;A
P2;11/09/2022;Cana� dos Caraj�s;PA;B
P2;11/09/2022;Belo Horizonte;MG;B
P2;11/09/2022;Salvador;BA;A
P2;11/09/2022;Cariacica;ES;B
P2;11/09/2022;Darcin�polis;TO;B
P2;11/09/2022;Mesquita;RJ;B
P2;11/09/2022;Alpin�polis;MG;B
P2;11/09/2022;Apucarana;PR;A
P2;11/09/2022;Ananindeua;PA;A
P2;11/09/2022;Terenos;MS;B
P2;11/09/2022;Italva;RJ;B
P2;11/09/2022;V�rzea Grande;MT;B
P2;11/09/2022;Coronel Ezequiel;RN;A
P2;11/09/2022;Ribeir�o Pires;SP;B
P2;11/09/2022;Manaus;AM;A
P2;11/09/2022;Tapera;RS;B
P2;11/09/2022;Oiapoque;AP;A
P2;11/09/2022;Penalva;MA;B
P2;11/09/2022;S�o Jos� de Espinharas;PB;A
P2;11/09/2022;Camapu�;MS;A
P2;11/09/2022;Nova Olinda;TO;B
P2;11/09/2022;Rio Branco;AC;B
P2;11/09/2022;Manicor�;AM;B
P2;11/09/2022;Japor�;MS;B
P2;11/09/2022;Canarana;BA;A
P2;11/09/2022;Manaus;AM;A
P2;11/09/2022;Pira� do Sul;PR;B
P2;11/09/2022;S�o Gon�alo do Amarante;RN;B
P2;11/09/2022;Miracema do Tocantins;TO;B
P2;11/09/2022;Aparecida de Goi�nia;GO;A
P2;11/09/2022;Salinas da Margarida;BA;A
P2;11/09/2022;Jos� de Freitas;PI;A
P2;11/09/2022;Paranhos;MS;B
P2;11/09/2022;Marechal Floriano;ES;B
P2;11/09/2022;S�o Fid�lis;RJ;A
P2;11/09/2022;Feij�;AC;B
P2;11/09/2022;Boa Vista;RR;A
P2;11/09/2022;Bras�lia;DF;B
P2;11/09/2022;Santana do Para�so;MG;B
P2;11/09/2022;Capistrano;CE;A
P2;11/09/2022;Rio Preto da Eva;AM;A
P2;11/09/2022;Teresina;PI;A
P2;11/09/2022;Tupiratins;TO;A
P2;11/09/2022;Jequi� da Praia;AL;B
P2;11/09/2022;Campin�polis;MT;B
P2;11/09/2022;Satubinha;MA;B
P2;11/09/2022;Caruaru;PE;A
P2;11/09/2022;Areia Branca;RN;A
P2;11/09/2022;Cumari;GO;A
P2;11/09/2022;Ipir�;BA;A
P2;11/09/2022;Bras�lia;DF;B
P2;11/09/2022;Manaquiri;AM;A
P2;11/09/2022;Sigefredo Pacheco;PI;A
P2;11/09/2022;Messias;AL;A
P2;11/09/2022;Aripuan�;MT;B
P2;11/09/2022;Pirambu;SE;A
P2;11/09/2022;Pouso Alegre;MG;B
P2;11/09/2022;Passo do Sobrado;RS;A
P2;11/09/2022;Escada;PE;A
P2;11/09/2022;Gl�ria do Goit�;PE;B
P2;11/09/2022;Jeric�;PB;A
P2;11/09/2022;Salinas da Margarida;BA;A
P2;11/09/2022;Primavera;PE;B
P2;11/09/2022;Rio das Ostras;RJ;B
P2;11/09/2022;Porto Velho;RO;B
P2;11/09/2022;Inhapi;AL;B
P2;11/09/2022;Fortaleza dos Valos;RS;A
P2;11/09/2022;S�o Paulo;SP;B
P2;11/09/2022;Aquidab�;SE;A
P2;11/09/2022;Salinas da Margarida;BA;A
P2;11/09/2022;Sena Madureira;AC;A
P2;11/09/2022;Salvador;BA;A
P2;11/09/2022;Santa Cruz do Sul;RS;B
P2;11/09/2022;Uni�o dos Palmares;AL;A
P2;11/09/2022;Caarap�;MS;B
P2;11/09/2022;Vilhena;RO;B
P2;11/09/2022;Ribeir�o Pires;SP;B
P2;11/09/2022;Santana;AP;A
P2;11/09/2022;Caxias do Sul;RS;B
P2;11/09/2022;Demerval Lob�o;PI;A
P2;11/09/2022;Porto Velho;RO;B
P2;11/09/2022;S�o Miguel Arcanjo;SP;A
P2;11/09/2022;Paramoti;CE;B
P2;11/09/2022;S�o Vicente F�rrer;PE;A
P2;11/09/2022;Tanque do Piau�;PI;A
P2;11/09/2022;S�o Jos� do Rio Preto;SP;A
P2;11/09/2022;Pojuca;BA;A
P2;11/09/2022;Manaquiri;AM;B
P2;11/09/2022;Macap�;AP;B
P2;11/09/2022;Fortaleza dos Valos;RS;B
P2;11/09/2022;Salinas da Margarida;BA;A
P2;11/09/2022;Alto Alegre;RR;A
P2;11/09/2022;Manari;PE;A
P2;11/09/2022;Independ�ncia;CE;B
P2;11/09/2022;Guarania�u;PR;B
P2;11/09/2022;Euclides da Cunha Paulista;SP;B
P2;11/09/2022;Rio Branco;AC;B
P2;11/09/2022;Mat�es;MA;A
P2;11/09/2022;Martin�polis;SP;B
P2;11/09/2022;Ipojuca;PE;B
P2;11/09/2022;Cajueiro;AL;A
P2;11/09/2022;Silves;AM;A
P2;11/09/2022;Indiaroba;SE;A
P2;11/09/2022;Comendador Levy Gasparian;RJ;B
P2;11/09/2022;Eldorado;MS;B
P2;11/09/2022;Jeric�;PB;B
P2;11/09/2022;Luzil�ndia;PI;A
P2;11/09/2022;Jarinu;SP;B
P2;11/09/2022;Carpina;PE;B
P2;11/09/2022;Madalena;CE;B
P2;11/09/2022;Macap�;AP;A
P2;11/09/2022;Anaj�s;PA;A
P2;11/09/2022;Divin�polis do Tocantins;TO;B
P2;11/09/2022;S�o Manoel do Paran�;PR;A
P2;11/09/2022;Passos;MG;A
P2;11/09/2022;Bras�lia;DF;A
P2;11/09/2022;Boa Vista;RR;A
P2;11/09/2022;Maric�;RJ;A
P2;11/09/2022;Recife;PE;A
P2;11/09/2022;Mara�;AM;A
P2;11/09/2022;Vit�ria do Jari;AP;B
P2;11/09/2022;Macei�;AL;B
P2;11/09/2022;Manaquiri;AM;A
P2;11/09/2022;Lu�s Eduardo Magalh�es;BA;A
P2;11/09/2022;Castelo;ES;A
P2;11/09/2022;Macap�;AP;A
P2;11/09/2022;Manaus;AM;B
P2;11/09/2022;Campo do Tenente;PR;A
P2;11/09/2022;Olho d'�gua Grande;AL;B
P2;11/09/2022;Vale do Para�so;RO;A
P2;11/09/2022;Bras�lia;DF;B
P2;11/09/2022;Ipiranga de Goi�s;GO;B
P2;11/09/2022;Forquilha;CE;B
P2;11/09/2022;Careiro;AM;A
P2;11/09/2022;Douradina;MS;A
P2;11/09/2022;Tomazina;PR;B
P2;11/09/2022;Barra de S�o Miguel;PB;A
P2;11/09/2022;Forquilha;CE;A
P2;11/09/2022;Rio de Janeiro;RJ;B
P2;11/09/2022;Parna�ba;PI;A
P2;11/09/2022;Bocaina do Sul;SC;B
P2;11/09/2022;Rur�polis;PA;B
P2;11/09/2022;Barra do Bugres;MT;B
P2;11/09/2022;Pauini;AM;A
P2;11/09/2022;Juazeiro do Norte;CE;B
P2;11/09/2022;S�o Jo�o da Barra;RJ;B
P2;11/09/2022;Campo Grande;MS;B
P2;11/09/2022;Benjamin Constant;AM;A
P2;11/09/2022;Sena Madureira;AC;B
P2;11/09/2022;Fortaleza;CE;A
P2;11/09/2022;Alto Alegre;RR;B
P2;11/09/2022;Goi�nia;GO;A
P2;11/09/2022;Macei�;AL;A
P2;11/09/2022;Venda Nova do Imigrante;ES;B
P2;11/09/2022;Barreirinha;AM;B
P2;11/09/2022;Uruta�;GO;A
P2;11/09/2022;Serranos;MG;A
P2;11/09/2022;S�o Pedro da Cipa;MT;A
P2;11/09/2022;Santo Ant�nio de P�dua;RJ;B
P2;11/09/2022;�gua Azul do Norte;PA;A
P2;11/09/2022;Bras�lia;DF;B
P2;11/09/2022;Jarinu;SP;B
P2;11/09/2022;Patos;PB;A
P2;11/09/2022;Camala�;PB;A
P2;11/09/2022;Caroebe;RR;B
P2;11/09/2022;Amajari;RR;B
P2;11/09/2022;Carlinda;MT;B
P2;11/09/2022;Santa Luz;PI;A
P2;11/09/2022;Aracaju;SE;B
P2;11/09/2022;Bras�lia;DF;B
P2;11/09/2022;Porto Walter;AC;B
P2;11/09/2022;S�o F�lix do Xingu;PA;B
P2;11/09/2022;Denise;MT;A
P2;11/09/2022;Cajazeiras;PB;A
P2;11/09/2022;Praia Norte;TO;A
P2;11/09/2022;Laranjal do Jari;AP;B
P2;11/09/2022;Macei�;AL;A
P2;11/09/2022;Soss�go;PB;B
P2;11/09/2022;Cajapi�;MA;A
P2;11/09/2022;Uni�o;PI;A
P2;11/09/2022;Jos� de Freitas;PI;B
P2;11/09/2022;Areia Branca;RN;A
P2;11/09/2022;Campo do Tenente;PR;A
P2;11/09/2022;Mariluz;PR;B
P2;11/09/2022;Barcarena;PA;A
P2;11/09/2022;Olinda;PE;A
P2;11/09/2022;Santana do Ipanema;AL;A
P2;11/09/2022;Novo Itacolomi;PR;B
P2;11/09/2022;Piripiri;PI;A
P2;11/09/2022;Tabapor�;MT;B
P2;11/09/2022;Macei�;AL;B
P2;11/09/2022;S�o Jos� do Cal�ado;ES;B
P2;11/09/2022;Itagua�;RJ;A
P2;11/09/2022;S�o Paulo;SP;B
P2;11/09/2022;Camapu�;MS;B
P2;11/09/2022;Bras�lia;DF;A
P2;11/09/2022;Bras�lia;DF;A
P2;11/09/2022;Mundo Novo;MS;A
P2;11/09/2022;Ararangu�;SC;B
P2;11/09/2022;Mossor�;RN;A
P2;11/09/2022;Ananindeua;PA;A
P2;11/09/2022;Lassance;MG;B
P2;11/09/2022;Laranjal do Jari;AP;A
P2;11/09/2022;Joca Claudino;PB;A
P2;11/09/2022;Rio de Janeiro;RJ;B
P2;11/09/2022;S�o Jos� de Espinharas;PB;B
P2;11/09/2022;Pracu�ba;AP;B
P2;11/09/2022;Macap�;AP;A
P2;11/09/2022;Berizal;MG;A
P2;11/09/2022;S�o Jos� do Serid�;RN;A
P2;11/09/2022;Porto Alegre;RS;B
P2;11/09/2022;Senador Guiomard;AC;A
P2;11/09/2022;Rio Branco;AC;B
P2;11/09/2022;Nioaque;MS;B
P2;11/09/2022;Prudent�polis;PR;A
P2;11/09/2022;Boa Vista;RR;B
P2;11/09/2022;Dourados;MS;B
P2;11/09/2022;Abreu e Lima;PE;B
P2;11/09/2022;Bras�lia;DF;B
P2;11/09/2022;Aparecida de Goi�nia;GO;B
P2;11/09/2022;Mossor�;RN;A
P2;11/09/2022;Uiramut�;RR;B
P2;11/09/2022;Esta��o;RS;B
P2;11/09/2022;Caxias do Sul;RS;A
P2;11/09/2022;S�o Leopoldo;RS;B
P2;11/09/2022;Alto Rio Novo;ES;B
P2;11/09/2022;Coronel Sapucaia;MS;B
P2;11/09/2022;Goian�sia;GO;A
P2;11/09/2022;Bady Bassitt;SP;A
P2;11/09/2022;Campo Verde;MT;B
P2;11/09/2022;Campina do Monte Alegre;SP;B
P2;11/09/2022;Quixaba;PE;B
P2;11/09/2022;Manaus;AM;B
P2;11/09/2022;Ant�nio Olinto;PR;B
P2;11/09/2022;Teresina;PI;A
P2;11/09/2022;Lagarto;SE;A
P2;11/09/2022;Manaus;AM;B
P2;11/09/2022;Palma Sola;SC;B
P2;11/09/2022;Campo Grande;MS;A
P2;11/09/2022;Virgol�ndia;MG;A
P2;11/09/2022;Itapemirim;ES;B
P2;11/09/2022;Jo�o Pessoa;PB;B
P2;11/09/2022;Igrejinha;RS;A
P2;11/09/2022;Guamar�;RN;B
P2;11/09/2022;Laranjal do Jari;AP;A
P2;11/09/2022;Rondon�polis;MT;B
P2;11/09/2022;Alto Santo;CE;A
P2;11/09/2022;Porto Alegre do Tocantins;TO;A
P2;11/09/2022;Fortaleza;CE;A
P2;11/09/2022;Nil�polis;RJ;B
P2;11/09/2022;Aquidab�;SE;B
P2;11/09/2022;Quixad�;CE;B
P2;11/09/2022;Jo�o Pessoa;PB;B
P2;11/09/2022;Joa�aba;SC;B
P2;11/09/2022;Isa�as Coelho;PI;A
P2;11/09/2022;Passa e Fica;RN;A
P2;11/09/2022;Manaus;AM;A
P2;11/09/2022;Pedrinhas;SE;B
P2;11/09/2022;An�polis;GO;B
P2;11/09/2022;Porto Walter;AC;B
P2;11/09/2022;S�o Salvador do Tocantins;TO;B
P2;11/09/2022;Rio de Janeiro;RJ;B
P2;11/09/2022;S�o Miguel dos Milagres;AL;A
P2;11/09/2022;Rio de Janeiro;RJ;A
P2;11/09/2022;Boa Vista;RR;B
P2;11/09/2022;Colinas do Tocantins;TO;A
P2;11/09/2022;Cristalina;GO;B
P2;11/09/2022;Catu�pe;RS;B
P2;11/09/2022;Aquidab�;SE;A
P2;11/09/2022;Porto Walter;AC;B
P2;11/09/2022;Natividade;RJ;A
P2;11/09/2022;Nova Monte Verde;MT;B
P2;11/09/2022;Manaus;AM;A
P2;11/09/2022;Alto Alegre;RR;B
P2;11/09/2022;S�o Leopoldo;RS;B
P2;11/09/2022;Palmas;TO;A
P2;11/09/2022;Sousa;PB;A
P2;11/09/2022;Concei��o do Lago-A�u;MA;B
P2;11/09/2022;Pindar�-Mirim;MA;A
P2;11/09/2022;S�o Paulo;SP;B
P2;11/09/2022;Boa Vista;RR;A
P2;11/09/2022;Pimenta Bueno;RO;B
P2;11/09/2022;Dourados;MS;B
P2;11/09/2022;Nova Ven�cia;ES;A
P2;11/09/2022;Boa Vista;RR;A
P2;11/09/2022;Boa Vista;RR;B
P2;11/09/2022;Porto Alegre;RS;B
P2;11/09/2022;Viadutos;RS;B
P2;11/09/2022;Jo�o Pessoa;PB;A
P2;11/09/2022;Alto Long�;PI;B
P2;11/09/2022;Sussuapara;PI;A
P2;11/09/2022;Nossa Senhora de Lourdes;SE;B
P2;11/09/2022;Ponte Alta do Tocantins;TO;A
P2;11/09/2022;Bel�m;PA;A
P2;11/09/2022;Ananindeua;PA;A
P2;11/09/2022;Magalh�es Barata;PA;B
P2;11/09/2022;Macap�;AP;B
P2;11/09/2022;S�o Miguel;RN;A
P2;11/09/2022;Joa�aba;SC;A
P2;11/09/2022;Monte Alegre de Minas;MG;A
P2;11/09/2022;Nova Igua�u;RJ;B
P2;11/09/2022;Campo Grande;MS;B
P2;11/09/2022;Sidrol�ndia;MS;B
P2;11/09/2022;Senador Guiomard;AC;A
P2;11/09/2022;Macei�;AL;A
P2;11/09/2022;Cachoeira do Arari;PA;A
P2;11/09/2022;Bod�;RN;B
P2;11/09/2022;Belo Horizonte;MG;B
P2;11/09/2022;Flexeiras;AL;A
P2;11/09/2022;Jaboat�o dos Guararapes;PE;A
P2;11/09/2022;Rio das Ostras;RJ;A
P2;11/09/2022;S�o Crist�v�o;SE;B
P2;11/09/2022;Fortaleza;CE;A
P2;11/09/2022;Bras�lia;DF;B
P2;11/09/2022;Parintins;AM;A
P2;11/09/2022;Paverama;RS;A
P2;11/09/2022;Bras�lia;DF;B
P2;11/09/2022;Anadia;AL;A
P2;11/09/2022;Castanhal;PA;B
P2;11/09/2022;Nova Alvorada do Sul;MS;B
P2;11/09/2022;Boa Vista;RR;B
P2;11/09/2022;Rio das Ostras;RJ;B
P2;11/09/2022;Feira de Santana;BA;A
P2;11/09/2022;Presidente Kennedy;TO;B
P2;11/09/2022;Planalto;PR;B
P2;11/09/2022;Natal;RN;A
P2;11/09/2022;Cant�;RR;B
P2;11/09/2022;Rio Branco;AC;B
P2;11/09/2022;S�o Francisco do Guapor�;RO;A
P2;11/09/2022;Balne�rio Cambori�;SC;A
P2;11/09/2022;Japoat�;SE;A
P2;11/09/2022;Alta Floresta D'Oeste;RO;B
P2;11/09/2022;Foz do Igua�u;PR;A
P2;11/09/2022;Jaboat�o dos Guararapes;PE;A
P2;11/09/2022;Jo�o Pessoa;PB;A
P2;11/09/2022;Palmas;TO;A
P2;11/09/2022;Gameleira;PE;A
P2;11/09/2022;Altamira;PA;A
P2;11/09/2022;Quiterian�polis;CE;A
P2;11/09/2022;Ibirajuba;PE;B
P2;11/09/2022;Pira� do Sul;PR;B
P2;11/09/2022;Pimenta Bueno;RO;A
P2;11/09/2022;Juazeiro do Norte;CE;B
P2;11/09/2022;Alto Para�so;RO;B
P2;11/09/2022;Coronel Sapucaia;MS;A
P2;11/09/2022;Alto Alegre;RR;A
P2;11/09/2022;Blumenau;SC;A
P2;11/09/2022;Santa Clara do Sul;RS;B
P2;11/09/2022;Bras�lia;DF;B
P2;11/09/2022;Sem-Peixe;MG;A
P2;11/09/2022;Forquilha;CE;A
P2;11/09/2022;Teresina;PI;A
P2;11/09/2022;Ji-Paran�;RO;A
P2;11/09/2022;Bras�lia;DF;A
P2;11/09/2022;Nova Mamor�;RO;B
P2;11/09/2022;Areia Branca;RN;B
P2;11/09/2022;Laranjal do Jari;AP;A
P2;11/09/2022;Cear�-Mirim;RN;B
P2;11/09/2022;S�o Paulo;SP;A
P2;11/09/2022;Teresina;PI;A
P2;11/09/2022;Nova Uni�o;RO;A
P2;11/09/2022;Arabut�;SC;B
P2;11/09/2022;Vitorino;PR;B
P2;11/09/2022;Nova Friburgo;RJ;B
P2;11/09/2022;Rio Branco;AC;B
P2;11/09/2022;Santa Rita do Trivelato;MT;B
P2;11/09/2022;Nossa Senhora das Dores;SE;A
P2;11/09/2022;Traipu;AL;A
P2;11/09/2022;Caracara�;RR;B
P2;11/09/2022;Campo Grande;MS;A
P2;11/09/2022;Japoat�;SE;A
P2;11/09/2022;Mossor�;RN;B
P2;11/09/2022;Porto Walter;AC;B
P2;11/09/2022;Viam�o;RS;A
P2;11/09/2022;Carutapera;MA;A
P2;11/09/2022;Campo Grande;MS;A
P2;11/09/2022;S�o Jos� da Laje;AL;B
P2;11/09/2022;Birigui;SP;A
P2;11/09/2022;Rio de Janeiro;RJ;B
P2;11/09/2022;Barcarena;PA;B
P2;11/09/2022;Bras�lia;DF;B
P2;11/09/2022;Santa Juliana;MG;A
P2;11/09/2022;Ariquemes;RO;B
P2;11/09/2022;Bonito;PA;B
P2;11/09/2022;Laranjal do Jari;AP;B
P2;11/09/2022;Camapu�;MS;A
P2;11/09/2022;Timb� Grande;SC;B
P2;11/09/2022;Camapu�;MS;B
P2;11/09/2022;Alto Alegre;RR;A
P2;11/09/2022;Sapucaia do Sul;RS;A
P2;11/09/2022;Bela Vista de Goi�s;GO;B
P2;11/09/2022;Bras�lia;DF;B
P2;11/09/2022;Jaboat�o dos Guararapes;PE;B
P2;11/09/2022;Tartarugalzinho;AP;B
P2;11/09/2022;Guaraciaba;SC;B
P2;11/09/2022;Rio das Ostras;RJ;A
P2;11/09/2022;S�o Paulo;SP;A
P2;11/09/2022;Momba�a;CE;A
P2;11/09/2022;Santa Isabel do Iva�;PR;B
P2;11/09/2022;Jo�o Pessoa;PB;B
P2;11/09/2022;Limoeiro de Anadia;AL;A
P2;11/09/2022;Pedro Avelino;RN;A
P2;11/09/2022;Bocaina;PI;B
P2;11/09/2022;Rio das Ostras;RJ;A
P2;11/09/2022;Vila Velha;ES;B
P2;11/09/2022;Porto Walter;AC;A
P2;11/09/2022;S�o Jos� do Sabugi;PB;A
P2;11/09/2022;Campo Grande;MS;A
P2;11/09/2022;Goianorte;TO;A
P2;11/09/2022;Paragominas;PA;A
P2;11/09/2022;Imperatriz;MA;A
P2;11/09/2022;Macap�;AP;A
P2;11/09/2022;Dian�polis;TO;A
P2;11/09/2022;Campo do Brito;SE;A
P2;11/09/2022;Mossor�;RN;A
P2;11/09/2022;Campo Grande;MS;B
P2;11/09/2022;Boa Vista;RR;B
P2;11/09/2022;Cruzeiro do Sul;AC;B
P2;11/09/2022;Bigua�u;SC;A
P2;11/09/2022;Bras�lia;DF;B
P2;11/09/2022;Satuba;AL;B
P2;11/09/2022;Lagoa Vermelha;RS;B
P2;11/09/2022;Rio Branco;AC;A
P2;11/09/2022;Cutias;AP;A
P2;11/09/2022;Valpara�so de Goi�s;GO;B
P2;11/09/2022;S�o Geraldo do Araguaia;PA;B
P2;11/09/2022;Novo Air�o;AM;A
P2;11/09/2022;Indiaroba;SE;A
P2;11/09/2022;Itabaiana;PB;A
P2;11/09/2022;Canitar;SP;A
P2;11/09/2022;Porto Walter;AC;B
P2;11/09/2022;Capixaba;AC;A
P2;11/09/2022;S�o Miguel do Fidalgo;PI;A
P2;11/09/2022;Ribas do Rio Pardo;MS;A
P2;11/09/2022;Nova Maril�ndia;MT;A
P2;11/09/2022;Bom Jesus;RN;A
P2;11/09/2022;Umuarama;PR;B
P2;11/09/2022;Salto;SP;A
P2;11/09/2022;Macei�;AL;A
P2;11/09/2022;Goi�nia;GO;B
P2;11/09/2022;Barras;PI;A
P2;11/09/2022;Bel�m;PA;A
P2;11/09/2022;Atalaia;AL;A
P2;11/09/2022;Consola��o;MG;B
P2;11/09/2022;Planalto da Serra;MT;B
P2;11/09/2022;Cama�ari;BA;B
P2;11/09/2022;Lagarto;SE;A
P2;11/09/2022;Carpina;PE;A
P2;11/09/2022;Santana;AP;A
P2;11/09/2022;Rio Negro;MS;A
P2;11/09/2022;Ibatiba;ES;B
P2;11/09/2022;Alex�nia;GO;B
P2;11/09/2022;Erebango;RS;B
P2;11/09/2022;Alta Floresta;MT;A
P2;11/09/2022;Ananindeua;PA;B
P2;11/09/2022;Nova Nazar�;MT;A
P2;11/09/2022;Jacar� dos Homens;AL;A
P2;11/09/2022;Manaus;AM;A
P2;11/09/2022;Camapu�;MS;B
P2;11/09/2022;Amorin�polis;GO;A
P2;11/09/2022;Cambori�;SC;B
P2;11/09/2022;Campo Alegre do Fidalgo;PI;A
P2;11/09/2022;Boa Vista;RR;B
P2;11/09/2022;Mat�es do Norte;MA;A
P2;11/09/2022;Foz do Igua�u;PR;A
P2;11/09/2022;Coxim;MS;B
P2;11/09/2022;Jaguar�;ES;B
P2;11/09/2022;Aracaju;SE;A
P2;11/09/2022;Forquilhinha;SC;B
P2;11/09/2022;Anadia;AL;B
P2;11/09/2022;An�polis;GO;B
P2;11/09/2022;Bel�m;PA;B
P2;11/09/2022;S�o Paulo;SP;B
P2;11/09/2022;Ub�;MG;A
P2;11/09/2022;Mau� da Serra;PR;B
P2;11/09/2022;Santa Cruz dos Milagres;PI;B
P2;11/09/2022;Macap�;AP;A
P2;11/09/2022;Mineiros;GO;B
P2;11/09/2022;Vila Velha;ES;B
P2;11/09/2022;Normandia;RR;B
P2;11/09/2022;Bras�lia;DF;A
P2;11/09/2022;Conselheiro Lafaiete;MG;B
P2;11/09/2022;Goian�sia;GO;A
P2;11/09/2022;Mossor�;RN;A
P2;11/09/2022;Flor do Sert�o;SC;B
P2;11/09/2022;Caapiranga;AM;B
P2;11/09/2022;Malhador;SE;A
P2;11/09/2022;Siriri;SE;B
P2;11/09/2022;Sidrol�ndia;MS;B
P2;11/09/2022;Mora�jo;CE;A
P2;11/09/2022;S�o Mateus;ES;B
P2;11/09/2022;Parauapebas;PA;A
P2;11/09/2022;Santana;AP;A
P2;11/09/2022;Francisco Ayres;PI;A
P2;11/09/2022;Mucambo;CE;B
P2;11/09/2022;Valen�a do Piau�;PI;A
P2;11/09/2022;Cuiab�;MT;B
P2;11/09/2022;Cachoeiro de Itapemirim;ES;B
P2;11/09/2022;Bel�m;AL;B
P2;11/09/2022;Inhambupe;BA;B
P2;11/09/2022;Florian�polis;SC;A
P2;11/09/2022;Taipu;RN;A
P2;11/09/2022;S�o Roque do Cana�;ES;A
P2;11/09/2022;Itagua�;RJ;A
P2;11/09/2022;Nova Friburgo;RJ;A
P2;11/09/2022;Rio de Janeiro;RJ;A
P2;11/09/2022;S�o Jos� dos Bas�lios;MA;A
P2;11/09/2022;Tatu�;SP;B
P2;11/09/2022;Vit�ria;ES;A
P2;11/09/2022;Tanque do Piau�;PI;A
P2;11/09/2022;Coruripe;AL;A
P2;11/09/2022;Macap�;AP;A
P2;11/09/2022;Colorado do Oeste;RO;B
P2;11/09/2022;Jaboat�o dos Guararapes;PE;B
P2;11/09/2022;Jaguaribe;CE;B
P2;11/09/2022;Porto Walter;AC;B
P2;11/09/2022;S�o Paulo;SP;A
P2;11/09/2022;Feij�;AC;A
P2;11/09/2022;Rio dos Bois;TO;A
P2;11/09/2022;Paudalho;PE;B
P2;11/09/2022;Soss�go;PB;A
P2;11/09/2022;Apucarana;PR;B
P2;11/09/2022;Nossa Senhora do Socorro;SE;A
P2;11/09/2022;Jaboat�o dos Guararapes;PE;A
P2;11/09/2022;I�na;ES;A
P2;11/09/2022;Salinas da Margarida;BA;A
P2;11/09/2022;Quixaba;PE;A
P2;11/09/2022;Limoeiro de Anadia;AL;A
P2;11/09/2022;Rio de Janeiro;RJ;A
P2;11/09/2022;Regenera��o;PI;B
P2;11/09/2022;Santo Ant�nio de P�dua;RJ;A
P2;11/09/2022;Vi�osa;AL;B
P2;11/09/2022;Bras�lia;DF;B
P2;11/09/2022;Indaial;SC;A
P2;11/09/2022;S�o Jo�o de Meriti;RJ;A
P2;11/09/2022;Rio Branco;AC;A
P2;11/09/2022;Campo Grande;MS;A
P2;11/09/2022;Cruzmaltina;PR;B
P2;11/09/2022;Porto Walter;AC;B
P2;11/09/2022;Mossor�;RN;A
P2;11/09/2022;Manaus;AM;B
P2;11/09/2022;Cedro do Abaet�;MG;B
P2;11/09/2022;S�o Jos� dos Ausentes;RS;B
P2;11/09/2022;Aracruz;ES;B
P2;11/09/2022;Bras�lia;DF;B
P2;11/09/2022;Rondon do Par�;PA;B
P2;11/09/2022;Jeric�;PB;A
P2;11/09/2022;Grossos;RN;B
P2;11/09/2022;Cruzmaltina;PR;B
P2;11/09/2022;Laranjal do Jari;AP;A
P2;11/09/2022;Nova Olinda;CE;A
P2;11/09/2022;Pimenta Bueno;RO;A
P2;11/09/2022;Teresina;PI;A
P2;11/09/2022;Manaquiri;AM;A
P2;11/09/2022;Itabera�;GO;B
P2;11/09/2022;Recife;PE;B
P2;11/09/2022;Camapu�;MS;A
P2;11/09/2022;Peju�ara;RS;A
P2;11/09/2022;Deod�polis;MS;A
P2;11/09/2022;Pracu�ba;AP;B
P2;11/09/2022;Jeric�;PB;B
P2;11/09/2022;Aquidab�;SE;B
P2;11/09/2022;Barcarena;PA;A
P2;11/09/2022;S�o Sebasti�o do Alto;RJ;B
P2;11/09/2022;Tr�s Lagoas;MS;A
P2;11/09/2022;Lobato;PR;B
P2;11/09/2022;Arapiraca;AL;B
P2;11/09/2022;Alto Alegre;RR;A
P2;11/09/2022;Aquidab�;SE;A
P2;11/09/2022;Vilhena;RO;B
P2;11/09/2022;Guarapari;ES;A
P2;11/09/2022;Coxim;MS;B
P2;11/09/2022;Nova Monte Verde;MT;A
P2;11/09/2022;Bel�m do Brejo do Cruz;PB;A
P2;11/09/2022;Monte Belo do Sul;RS;B
P2;11/09/2022;Presidente Epit�cio;SP;B
P2;11/09/2022;Pimenta Bueno;RO;A
P2;11/09/2022;Cod�;MA;A
P2;11/09/2022;Novo Aripuan�;AM;B
P2;11/09/2022;S�o Jo�o do Rio do Peixe;PB;A
P2;11/09/2022;Cl�udia;MT;B
P2;11/09/2022;Natal;RN;A
P2;11/09/2022;S�o F�lix do Tocantins;TO;B
P2;11/09/2022;Ara�ariguama;SP;B
P2;11/09/2022;Novo Jardim;TO;B
P2;11/09/2022;Nossa Senhora dos Rem�dios;PI;A
P2;11/09/2022;Cotrigua�u;MT;B
P2;11/09/2022;Blumenau;SC;B
P2;11/09/2022;Rio Branco;AC;B
P2;11/09/2022;Mau�s;AM;A
P2;11/09/2022;Bras�lia;DF;A
P2;11/09/2022;Alpercata;MG;A
P2;11/09/2022;Para�;RN;A
P2;11/09/2022;Fortaleza;CE;A
P2;11/09/2022;S�o Jo�o do Piau�;PI;B
P2;11/09/2022;Porto Alegre;RS;A
P2;11/09/2022;Castelo;ES;B
P2;11/09/2022;Amap�;AP;B
P2;11/09/2022;S�o Miguel do Tapuio;PI;B
P2;11/09/2022;Manaus;AM;A
P2;11/09/2022;Cachoeiro de Itapemirim;ES;A
P2;11/09/2022;Pracu�ba;AP;B
P2;11/09/2022;Campo Grande;MS;B
P2;11/09/2022;Macap�;AP;A
P2;11/09/2022;Cariacica;ES;B
P2;11/09/2022;Ara�agi;PB;B
P2;11/09/2022;Parnagu�;PI;B
P2;11/09/2022;Boa Vista;RR;B
P2;11/09/2022;Manaus;AM;A
P2;11/09/2022;Delmiro Gouveia;AL;A
P2;11/09/2022;Boa Vista;RR;A
P2;11/09/2022;Matriz de Camaragibe;AL;A
P2;11/09/2022;Santana;AP;B
P2;11/09/2022;Am�rica Dourada;BA;A
P2;11/09/2022;Barra do Pira�;RJ;A
P2;11/09/2022;Tucano;BA;A
P2;11/09/2022;Parna�ba;PI;A
P2;11/09/2022;Campinas;SP;A
P2;11/09/2022;Sentinela do Sul;RS;B
P2;11/09/2022;Macei�;AL;A
P2;11/09/2022;Palho�a;SC;B
P2;11/09/2022;Caxing�;PI;A
P2;11/09/2022;Jaguapit�;PR;A
P2;11/09/2022;Valen�a;BA;A
P2;11/09/2022;Terenos;MS;B
P2;11/09/2022;Cachoeiro de Itapemirim;ES;B
P2;11/09/2022;Tanque do Piau�;PI;A
P2;11/09/2022;S�o Luiz;RR;A
P2;11/09/2022;Alto Alegre;RR;B
P2;11/09/2022;S�o Rom�o;MG;A
P2;11/09/2022;Porto Walter;AC;B
P2;11/09/2022;Bom Jesus do Tocantins;TO;A
P2;11/09/2022;Lap�o;BA;B
P2;11/09/2022;Bras�lia;DF;B
P2;11/09/2022;Laranjal do Jari;AP;B
P2;11/09/2022;Jequi�;BA;A
P2;11/09/2022;Sena Madureira;AC;B
P2;11/09/2022;Mau�s;AM;B
P2;11/09/2022;Barra de S�o Francisco;ES;B
P2;11/09/2022;S�o Jos� de Ribamar;MA;A
P2;11/09/2022;Ji-Paran�;RO;B
P2;11/09/2022;Junco do Maranh�o;MA;B
P2;11/09/2022;Ituporanga;SC;B
P2;11/09/2022;Duas Barras;RJ;A
P2;11/09/2022;Matias Ol�mpio;PI;B
P2;11/09/2022;Porto Belo;SC;A
P2;11/09/2022;Boa Vista;RR;B
P2;11/09/2022;Nil�polis;RJ;A
P2;11/09/2022;Bras�lia;DF;B
P2;11/09/2022;Guajar�-Mirim;RO;B
P2;11/09/2022;Ju�na;MT;A
P2;11/09/2022;Anicuns;GO;A
P2;11/09/2022;Ituiutaba;MG;A
P2;11/09/2022;Dias d'�vila;BA;A
P2;11/09/2022;Trairi;CE;A
P2;11/09/2022;Manaquiri;AM;A
P2;11/09/2022;Ang�lica;MS;B
P2;11/09/2022;Manaquiri;AM;B
P2;11/09/2022;Bras�lia;DF;B
P2;11/09/2022;Navegantes;SC;B
P2;11/09/2022;Bel�m;PA;A
P2;11/09/2022;Palmeira dos �ndios;AL;A
P2;11/09/2022;Manaus;AM;A
P2;11/09/2022;Terenos;MS;B
P2;11/09/2022;Bras�lia;DF;B
P2;11/09/2022;Santa In�s;MA;A
P2;11/09/2022;Vila Velha;ES;B
P2;11/09/2022;Santa Clara do Sul;RS;A
P2;11/09/2022;Lucas do Rio Verde;MT;B
P2;11/09/2022;Tapau�;AM;B
P2;11/09/2022;Araguacema;TO;A
P2;11/09/2022;Guarulhos;SP;B
P2;11/09/2022;Gra�a Aranha;MA;B
P2;11/09/2022;An�polis;GO;B
P2;11/09/2022;Anahy;PR;A
P2;11/09/2022;Flor do Sert�o;SC;A
P2;11/09/2022;Pacaraima;RR;A
P2;11/09/2022;Quirin�polis;GO;A
P2;11/09/2022;Alto Alegre;RR;A
P2;11/09/2022;Natal;RN;A
P2;11/09/2022;Jaboat�o dos Guararapes;PE;A
P2;11/09/2022;Col�mbia;SP;B
P2;11/09/2022;Itapecuru Mirim;MA;A
P2;11/09/2022;S�o Jos� do Egito;PE;B
P2;11/09/2022;Ilha das Flores;SE;A
P2;11/09/2022;Rio Branco;AC;A
P2;11/09/2022;Gua�u�;ES;B
P2;11/09/2022;Limoeiro de Anadia;AL;B
P2;11/09/2022;Triunfo;PB;A
P2;11/09/2022;Cachoeira do Sul;RS;B
P2;11/09/2022;Cambar�;PR;B
P2;11/09/2022;Pindoba;AL;B
P2;11/09/2022;Matriz de Camaragibe;AL;B
P2;11/09/2022;Congonhas do Norte;MG;B
P2;11/09/2022;Monte das Gameleiras;RN;A
P2;11/09/2022;Portel;PA;A
P2;11/09/2022;Piraquara;PR;B
P2;11/09/2022;S�o Miguel Arcanjo;SP;B
P2;11/09/2022;Areia Branca;SE;B
P2;11/09/2022;Cruz Alta;RS;A
P2;11/09/2022;Cachoeiro de Itapemirim;ES;A
P2;11/09/2022;Aracaju;SE;A
P2;11/09/2022;Cascavel;PR;A
P2;11/09/2022;Francisco Dumont;MG;A
P2;11/09/2022;Campina Grande;PB;A
P2;11/09/2022;Aquidauana;MS;B
P2;11/09/2022;Belford Roxo;RJ;B
P2;11/09/2022;Coronel Jos� Dias;PI;A
P2;11/09/2022;Bras�lia;DF;B
P2;11/09/2022;Manacapuru;AM;A
P2;11/09/2022;Timon;MA;A
P2;11/09/2022;Santo Amaro das Brotas;SE;A
P2;11/09/2022;Macau;RN;A
P2;11/09/2022;Passagem;PB;A
P2;11/09/2022;Maravilha;SC;B
P2;11/09/2022;M�ncio Lima;AC;B
P2;11/09/2022;S�o Louren�o do Sul;RS;B
P2;11/09/2022;Manaquiri;AM;A
P2;11/09/2022;Mossor�;RN;A
P2;11/09/2022;Campo Grande;MS;B
P2;11/09/2022;S�o Bento do Sul;SC;B
P2;11/09/2022;Castanheiras;RO;B
P2;11/09/2022;Iti�ba;BA;A
P2;11/09/2022;Monte das Gameleiras;RN;B
P2;11/09/2022;Douradina;MS;A
P2;11/09/2022;Caxias do Sul;RS;B
P2;11/09/2022;Ibiraci;MG;A
P2;11/09/2022;Bel�m;PA;A
P2;11/09/2022;Porto Velho;RO;B
P2;11/09/2022;Angico;TO;B
P2;11/09/2022;Ant�nio Martins;RN;B
P2;11/09/2022;Porto Velho;RO;B
P2;11/09/2022;Alto Alegre;RR;B
P2;11/09/2022;Recife;PE;B
P2;11/09/2022;Santana;AP;B
P2;11/09/2022;Anaj�s;PA;B
P2;11/09/2022;Igarap� Grande;MA;A
P2;11/09/2022;Belterra;PA;B
P2;11/09/2022;Palmeir�polis;TO;A
P2;11/09/2022;Capit�o;RS;B
P2;11/09/2022;S�o Bentinho;PB;A
P2;11/09/2022;Curitiba;PR;A
P2;11/09/2022;Florian�polis;SC;B
P2;11/09/2022;Tut�ia;MA;B
P2;11/09/2022;Arroio dos Ratos;RS;B
P2;11/09/2022;Machadinho D'Oeste;RO;A
P2;11/09/2022;Crici�ma;SC;B
P2;11/09/2022;Manaus;AM;A
P2;11/09/2022;Vila Val�rio;ES;A
P2;11/09/2022;Concei��o do Tocantins;TO;B
P2;11/09/2022;Po�o Branco;RN;B
P2;11/09/2022;Flor do Sert�o;SC;B
P2;11/09/2022;Palmas;TO;A
P2;11/09/2022;Aragua�na;TO;B
P2;11/09/2022;Natal;RN;A
P2;11/09/2022;Cra�bas;AL;A
P2;11/09/2022;Igaci;AL;A
P2;11/09/2022;Rio de Janeiro;RJ;B
P2;11/09/2022;Aquidab�;SE;A
P2;11/09/2022;Socorro;SP;B
P2;11/09/2022;Quixaba;PE;A
P2;11/09/2022;Apodi;RN;B
P2;11/09/2022;Rio Verde;GO;A
P2;11/09/2022;Casinhas;PE;A
P2;11/09/2022;Laranjal do Jari;AP;A
P2;11/09/2022;Pracu�ba;AP;A
P2;11/09/2022;Limoeiro de Anadia;AL;A
P2;11/09/2022;Porto Walter;AC;B
P2;11/09/2022;Paranagu�;PR;B
P2;11/09/2022;Santana do Araguaia;PA;B
P2;11/09/2022;Tarauac�;AC;B
P2;11/09/2022;Rio Grande;RS;A
P2;11/09/2022;Primavera do Leste;MT;A
P2;11/09/2022;Olho d'�gua das Flores;AL;A
P2;11/09/2022;Bras�lia;DF;B
P2;11/09/2022;Apiac�;ES;B
P2;11/09/2022;Itabera�;GO;B
P2;11/09/2022;Itapecuru Mirim;MA;B
P2;11/09/2022;Cabaceiras;PB;A
P2;11/09/2022;Fern�o;SP;B
P2;11/09/2022;Santa Izabel do Par�;PA;B
P2;11/09/2022;Alto Alegre;RR;B
P2;11/09/2022;Japoat�;SE;A
P2;11/09/2022;Satuba;AL;A
P2;11/09/2022;Vila Velha;ES;A
P2;11/09/2022;Penedo;AL;A
P2;11/09/2022;Matup�;MT;B
P2;11/09/2022;Santa In�s;MA;A
P2;11/09/2022;Cotrigua�u;MT;B
P2;11/09/2022;Forquilha;CE;A
P2;11/09/2022;Santo Ant�nio do Tau�;PA;B
P2;11/09/2022;Itaquitinga;PE;A
P2;11/09/2022;Barreiras;BA;A
P2;11/09/2022;Valente;BA;A
P2;11/09/2022;Aquidab�;SE;A
P2;11/09/2022;Rio Branco;AC;B
P2;11/09/2022;Jeric�;PB;A
P2;11/09/2022;Juta�;AM;A
P2;11/09/2022;Mira�ma;CE;B
P2;11/09/2022;Rorain�polis;RR;B
P2;11/09/2022;Senador Guiomard;AC;B
P2;11/09/2022;Jardim;CE;B
P2;11/09/2022;Rio de Janeiro;RJ;B
P2;11/09/2022;Goian�sia;GO;B
P2;11/09/2022;Boa Vista do Cadeado;RS;A
P2;11/09/2022;�lvares Florence;SP;A
P2;11/09/2022;Alto Alegre do Maranh�o;MA;A
P2;11/09/2022;Itapaj�;CE;A
P2;11/09/2022;Mortugaba;BA;A
P2;11/09/2022;Filad�lfia;TO;A
P2;11/09/2022;Pedrinhas;SE;A
P2;11/09/2022;Natal;RN;A
P2;11/09/2022;Limoeiro de Anadia;AL;A
P2;11/09/2022;Rio de Janeiro;RJ;B
P2;11/09/2022;Quixaba;PE;A
P2;11/09/2022;Vila Bela da Sant�ssima Trindade;MT;B
P2;11/09/2022;Vic�ncia;PE;A
P2;11/09/2022;Ananindeua;PA;B
P2;11/09/2022;Macei�;AL;A
P2;11/09/2022;S�o Miguel de Taipu;PB;A
P2;11/09/2022;S�o Jos� de Mipibu;RN;A
P2;11/09/2022;Traipu;AL;B
P2;11/09/2022;Balne�rio Arroio do Silva;SC;A
P2;11/09/2022;Nova Mutum;MT;A
P2;11/09/2022;Ribeir�o Preto;SP;A
P2;11/09/2022;Guara�;TO;B
P2;11/09/2022;S�o Val�rio;TO;A
P2;11/09/2022;Pedra;PE;A
P2;11/09/2022;Bras�lia;DF;A
P2;11/09/2022;Estiva Gerbi;SP;B
P2;11/09/2022;Vit�ria do Jari;AP;B
P2;11/09/2022;Itua�u;BA;A
P2;11/09/2022;Porto Velho;RO;B
P2;11/09/2022;Manaquiri;AM;B
P2;11/09/2022;Guimar�es;MA;B
P2;11/09/2022;S�o Vicente do Sul;RS;B
P2;11/09/2022;Limeira;SP;A
P2;11/09/2022;Porto Nacional;TO;B
P2;11/09/2022;Coqueiro Seco;AL;A
P2;11/09/2022;Pacaraima;RR;A
P2;11/09/2022;Vila Velha;ES;A
P2;11/09/2022;Macei�;AL;A
P2;11/09/2022;Sapucaia do Sul;RS;B
P2;11/09/2022;Amorin�polis;GO;B
P2;11/09/2022;Jo�o Pessoa;PB;B
P2;11/09/2022;Erebango;RS;A
P2;11/09/2022;Caxias do Sul;RS;B
P2;11/09/2022;Senador Guiomard;AC;B
P2;11/09/2022;Cariacica;ES;A
P2;11/09/2022;Piracuruca;PI;A
P2;11/09/2022;Alto Alegre;RR;B
P2;11/09/2022;Camapu�;MS;A
P2;11/09/2022;Santa In�s;MA;A
P2;11/09/2022;Limoeiro de Anadia;AL;B
P2;11/09/2022;Nova Serrana;MG;B
P2;11/09/2022;Bras�lia;DF;B
P2;11/09/2022;V�rzea Grande;MT;A
P2;11/09/2022;Dois Vizinhos;PR;A
P2;11/09/2022;Vila Velha;ES;B
P2;11/09/2022;S�o Jo�o do Itaperi�;SC;B
P2;11/09/2022;Laranjal do Jari;AP;A
P2;11/09/2022;Pedrin�polis;MG;A
P2;11/09/2022;Pacatuba;CE;A
P2;11/09/2022;Lobato;PR;A
P2;11/09/2022;Marab�;PA;B
P2;11/09/2022;Bel�m;PA;A
P2;11/09/2022;Novo Repartimento;PA;A
P2;11/09/2022;Goian�sia do Par�;PA;B
P2;11/09/2022;Laranjal do Jari;AP;A
P2;11/09/2022;Rio das Ostras;RJ;A
P2;11/09/2022;Alto Alegre;RR;B
P2;11/09/2022;Laranja da Terra;ES;B
P2;11/09/2022;Camala�;PB;B
P2;11/09/2022;Sim�es;PI;A
P2;11/09/2022;Cear�-Mirim;RN;A
P2;11/09/2022;Bras�lia;DF;A
P2;11/09/2022;Jaboat�o dos Guararapes;PE;A
P2;11/09/2022;Boa Vista;RR;B
P2;11/09/2022;Porto Walter;AC;B
P2;11/09/2022;Regenera��o;PI;A
P2;11/09/2022;Granito;PE;A
P2;11/09/2022;Nova Maring�;MT;B
P2;11/09/2022;Bom Jesus do Oeste;SC;B
P2;11/09/2022;Bras�lia;DF;A
P2;11/09/2022;S�o Jos� de Mipibu;RN;A
P2;11/09/2022;Praia Grande;SP;A
P2;11/09/2022;Boa Vista;RR;B
P2;11/09/2022;Aracaju;SE;A
P2;11/09/2022;Campin�polis;MT;B
P2;11/09/2022;Belmiro Braga;MG;B
P2;11/09/2022;Pontalina;GO;B
P2;11/09/2022;Vila Velha;ES;B
P2;11/09/2022;Mossor�;RN;A
P2;11/09/2022;Barra de S�o Miguel;PB;A
P2;11/09/2022;Inhuma;PI;A
P2;11/09/2022;Jarinu;SP;B
P2;11/09/2022;Porto Walter;AC;B
P2;11/09/2022;S�o Miguel Arcanjo;SP;A
P2;11/09/2022;Palmeir�ndia;MA;B
P2;11/09/2022;Para�so do Tocantins;TO;A
P2;11/09/2022;Cacimbinhas;AL;A
P2;11/09/2022;Lambari D'Oeste;MT;B
P2;11/09/2022;An�polis;GO;B
P2;11/09/2022;Ju�na;MT;B
P2;11/09/2022;Mau�s;AM;A
P2;11/09/2022;Vale de S�o Domingos;MT;A
P2;11/09/2022;Rio Quente;GO;A
P2;11/09/2022;Turvol�ndia;MG;B
P2;11/09/2022;Jaguaribe;CE;A
P2;11/09/2022;Cuiab�;MT;B
P2;11/09/2022;Rio das Ostras;RJ;B
P2;11/09/2022;Manaus;AM;B
P2;11/09/2022;Macap�;AP;B
P2;11/09/2022;Santo Amaro da Imperatriz;SC;B
P2;11/09/2022;Rorain�polis;RR;B
P2;11/09/2022;Isa�as Coelho;PI;A
P2;11/09/2022;Laranjal do Jari;AP;A
P2;11/09/2022;Jeric�;PB;B
P2;11/09/2022;Colinas do Tocantins;TO;A
P2;11/09/2022;Colatina;ES;B
P2;11/09/2022;Acarape;CE;A
P2;11/09/2022;Witmarsum;SC;B
P2;11/09/2022;S�o Pedro do Piau�;PI;A
P2;11/09/2022;Wanderl�ndia;TO;B
P2;11/09/2022;Natal;RN;B
P2;11/09/2022;Jeric�;PB;B
P2;11/09/2022;Porto da Folha;SE;A
P2;11/09/2022;Manaus;AM;B
P2;11/09/2022;Salinas da Margarida;BA;A
P2;11/09/2022;Macap�;AP;A
P2;11/09/2022;Belmiro Braga;MG;A
P2;11/09/2022;Salvador;BA;B
P2;11/09/2022;Recife;PE;B
P2;11/09/2022;Vila Val�rio;ES;B
P2;11/09/2022;Boa Vista;RR;B
P2;11/09/2022;Santa Luzia D'Oeste;RO;B
P2;11/09/2022;Cuiab�;MT;B
P2;11/09/2022;Cal�oene;AP;B
P2;11/09/2022;Osasco;SP;B
P2;11/09/2022;Uru�uca;BA;A
P2;11/09/2022;Vargem Grande Paulista;SP;B
P2;11/09/2022;Juazeiro do Norte;CE;A
P2;11/09/2022;Tigrinhos;SC;A
P2;11/09/2022;Bocaina;PI;B
P2;11/09/2022;Pirapora;MG;B
P2;11/09/2022;Manaus;AM;A
P2;11/09/2022;Mina�u;GO;A
P2;11/09/2022;Salvador;BA;B
P2;11/09/2022;Macap�;AP;B
P2;11/09/2022;Acau�;PI;A
P2;11/09/2022;Acari;RN;A
P2;11/09/2022;Niquel�ndia;GO;B
P2;11/09/2022;S�o Louren�o da Mata;PE;A
P2;11/09/2022;Couto Magalh�es;TO;B
P2;11/09/2022;Alto Alegre;RR;A
P2;11/09/2022;Aurora do Tocantins;TO;A
P2;11/09/2022;Barra Mansa;RJ;B
P2;11/09/2022;Camapu�;MS;B
P2;11/09/2022;Porto Alegre;RS;A
P2;11/09/2022;Manaquiri;AM;A
P2;11/09/2022;Teresina;PI;A
P2;11/09/2022;Jo�o Pessoa;PB;A
P2;11/09/2022;Gua�u�;ES;B
P2;11/09/2022;Santa Teresinha;PB;A
P2;11/09/2022;Anam�;AM;A
P2;11/09/2022;Petrol�ndia;PE;B
P2;11/09/2022;Ponto Novo;BA;B
P2;11/09/2022;Santa In�s;MA;A
P2;11/09/2022;Limoeiro do Norte;CE;A
P2;11/09/2022;Nova Russas;CE;A
P2;11/09/2022;Piripiri;PI;B
P2;11/09/2022;Itatiaiu�u;MG;A
P2;11/09/2022;Salinas da Margarida;BA;B
P2;11/09/2022;Alta Floresta D'Oeste;RO;B
P2;11/09/2022;Forquilha;CE;A
P2;11/09/2022;Ipubi;PE;A
P2;11/09/2022;Castilho;SP;A
P2;11/09/2022;Anit�polis;SC;B
P2;11/09/2022;Rio das Ostras;RJ;B
P2;11/09/2022;Jauru;MT;B
P2;11/09/2022;Camapu�;MS;A
P2;11/09/2022;Picos;PI;A
P2;11/09/2022;Parana�ta;MT;A
P2;11/09/2022;Jo�o Pessoa;PB;A
P2;11/09/2022;Coruripe;AL;B
P2;11/09/2022;Bras�lia;DF;B
P2;11/09/2022;Vitorino Freire;MA;B
P2;11/09/2022;Vila Velha;ES;B
P2;11/09/2022;Dian�polis;TO;B
P2;11/09/2022;Bras�lia;DF;B
P2;11/09/2022;Uruar�;PA;A
